ADDA,05-Jun-2020,39,64,32,59,0
ADDC,05-Jun-2020,20,20,-43,-22,0
ADDE,05-Jun-2020,1061,1602,1061,1598,0
ADDN,05-Jun-2020,1644,1657,1437,1487,0
ADDQ,05-Jun-2020,1702,1789,1208,1271,0
ADDS,05-Jun-2020,473,995,473,988,0
ADDT,05-Jun-2020,3385,3486,2700,2817,0
ADDU,05-Jun-2020,377,1171,377,1171,0
ADDV,05-Jun-2020,-66,-60,-160,-60,0
ADDX,05-Jun-2020,427,906,416,906,0
ADRA,05-Jun-2020,1.54,1.95,1.39,1.86,0
ADRC,05-Jun-2020,1.3,1.3,0.7,0.85,0
ADRE,05-Jun-2020,5.26,5.87,5.06,5.79,0
ADRN,05-Jun-2020,14.81,15.4,7.14,8.18,0
ADRQ,05-Jun-2020,5.51,6.21,2.73,2.93,0
ADRS,05-Jun-2020,2.64,3.54,2.64,3.47,0
ADRT,05-Jun-2020,6.95,7.56,3.7,4.02,0
ADRU,05-Jun-2020,1.6,1.67,1.48,1.67,0
ADRV,05-Jun-2020,0.7,0.85,0.59,0.85,0
ADRX,05-Jun-2020,1.73,1.93,1.64,1.93,0
ADVA,05-Jun-2020,111,131,111,127,294195500
ADVC,05-Jun-2020,85,128,83,128,37822200
ADVE,05-Jun-2020,1310,1932,1310,1931,1766330000
ADVN,05-Jun-2020,1763,1772,1671,1694,7577308000
ADVQ,05-Jun-2020,2079,2132,1903,1927,4842949000
ADVS,05-Jun-2020,760,1387,760,1387,457885900
ADVT,05-Jun-2020,3953,4017,3700,3748,12714450000
ADVU,05-Jun-2020,1004,2908,1004,2908,3090040000
ADVV,05-Jun-2020,161,360,161,360,58084600
ADVX,05-Jun-2020,1006,1875,1006,1875,553792700
ASHD,05-Jun-2020,243,378,243,360,0
ASHF,05-Jun-2020,896,1340,872,1338,0
ASHR,05-Jun-2020,4.68,4.74,4.14,4.71,0
ASHU,05-Jun-2020,1139,1698,1139,1698,0
AVDA,05-Jun-2020,22.12,203.45,17.07,203.45,0
AVDC,05-Jun-2020,0.76,0.76,-38.73,-30.57,0
AVDE,05-Jun-2020,39.78,1009.02,39.78,1008.81,0
AVDN,05-Jun-2020,523.33,6787.42,523.33,6787.42,0
AVDQ,05-Jun-2020,456.58,3561.45,456.58,3561.45,0
AVDS,05-Jun-2020,24.19,306.77,24.19,306.77,0
AVDT,05-Jun-2020,1002.03,10552.34,1002.03,10552.34,0
AVDU,05-Jun-2020,-39.52,435.72,-993.55,435.72,0
AVDV,05-Jun-2020,-8.37,-8.37,-49.35,-38.89,0
AVDX,05-Jun-2020,16.58,237.31,11.62,237.31,0
AVLD,05-Jun-2020,43.86,631.02,43.86,631.02,0
AVLF,05-Jun-2020,23.43,963.05,23.43,963.05,0
AVLR,05-Jun-2020,1.53,2.53,1.52,2.52,0
AVLU,05-Jun-2020,67.29,1594.08,67.29,1594.08,0
AVRA,05-Jun-2020,2.86,3.31,1.71,3.24,0
AVRC,05-Jun-2020,1.35,1.35,0.39,0.55,0
AVRE,05-Jun-2020,1.53,2.33,1.5,2.33,0
AVRN,05-Jun-2020,11.48,12.87,8.18,9.59,0
AVRQ,05-Jun-2020,6.27,6.66,3.73,3.77,0
AVRS,05-Jun-2020,2.83,3.69,2.66,3.03,0
AVRT,05-Jun-2020,7.75,7.83,5.43,5.88,0
AVRU,05-Jun-2020,0.74,1.16,0.65,1.16,0
AVRV,05-Jun-2020,0.45,0.59,0.3,0.59,0
AVRX,05-Jun-2020,1.54,1.78,1.24,1.74,0
AVVA,05-Jun-2020,33.98,294.19,33.98,294.19,0
AVVC,05-Jun-2020,2.89,37.82,2.89,37.82,0
AVVE,05-Jun-2020,114,1766.33,114,1766.33,0
AVVN,05-Jun-2020,573.25,7577.3,573.25,7577.3,0
AVVQ,05-Jun-2020,543.2,4842.94,543.2,4842.94,0
AVVS,05-Jun-2020,37.37,457.88,37.37,457.88,0
AVVT,05-Jun-2020,1150.44,12714.45,1150.44,12714.45,0
AVVU,05-Jun-2020,116.72,3090.04,116.72,3090.04,0
AVVV,05-Jun-2020,6.86,58.08,6.86,58.08,0
AVVX,05-Jun-2020,47.13,553.79,47.13,553.79,0
BANK,05-Jun-2020,3088.11,3130.17,3038.94,3082.34,0
BCMA,05-Jun-2020,3475,3534,3211,3259,0
BCMC,05-Jun-2020,101.58,102.21,101.58,102.16,0
BCMD,05-Jun-2020,386,754,349,701,0
BCME,05-Jun-2020,347,376,344,357,0
BCMF,05-Jun-2020,123,184,123,170,0
BCMG,05-Jun-2020,21,24,9,17,0
BCMM,05-Jun-2020,103.85,104.63,103.54,103.78,0
BCMU,05-Jun-2020,34,35,13,35,0
BDMA,05-Jun-2020,2132,2184,2132,2182,0
BDMC,05-Jun-2020,102.14,102.14,101.87,101.87,0
BDMD,05-Jun-2020,1725,1766,1725,1766,0
BDME,05-Jun-2020,265,286,265,284,0
BDMF,05-Jun-2020,204,228,204,228,0
BDMG,05-Jun-2020,21,30,21,30,0
BDMM,05-Jun-2020,100.94,100.94,100.91,100.92,0
BDMU,05-Jun-2020,38,47,38,47,0
BFMA,05-Jun-2020,1657,1696,1657,1695,0
BFMC,05-Jun-2020,99.74,99.96,99.74,99.94,0
BFMD,05-Jun-2020,2181,2236,2181,2234,0
BFME,05-Jun-2020,206,231,206,229,0
BFMF,05-Jun-2020,265,287,265,287,0
BFMG,05-Jun-2020,16,22,16,22,0
BFMM,05-Jun-2020,99.67,99.68,99.66,99.67,0
BFMU,05-Jun-2020,54,63,54,63,0
BGMA,05-Jun-2020,2762,2804,2762,2802,0
BGMC,05-Jun-2020,101.06,101.06,100.99,101,0
BGMD,05-Jun-2020,1065,1117,1065,1117,0
BGME,05-Jun-2020,263,294,263,292,0
BGMF,05-Jun-2020,199,219,199,219,0
BGMG,05-Jun-2020,16,18,16,18,0
BGMM,05-Jun-2020,101.78,101.78,101.73,101.73,0
BGMU,05-Jun-2020,59,66,59,66,0
BKX,05-Jun-2020,90.72,91.2,86.82,87.39,0
BWH,05-Jun-2020,193.9,195.36,190.09,190.85,0
BXD,05-Jun-2020,295.13,295.58,294.74,295.16,0
BXM,05-Jun-2020,1293.71,1294.91,1292.99,1294.81,0
BXN,05-Jun-2020,641.85,643.05,641.44,643.05,0
CASH,05-Jun-2020,1,1,1,1,0
CEX,05-Jun-2020,637.17,640.68,632.64,634.64,0
COMP,05-Jun-2020,9703.36,9845.69,9685.35,9814.08,0
CPR,05-Jun-2020,2.486,2.5715,2.481,2.5555,56679
CYM,05-Jun-2020,17.65,18.67,17.65,18.36,0
DCFD,05-Jun-2020,89.06,95.31,87.5,89.06,0
DCFI,05-Jun-2020,96.87,96.87,95.31,95.31,0
DCOF,05-Jun-2020,79.68,82.81,73.43,73.43,0
DCOH,05-Jun-2020,54.68,60.93,51.56,51.56,0
DCSE,05-Jun-2020,39224.2,39940.89,39129.5,39460.35,0
DCTH,05-Jun-2020,48.43,48.43,40.62,40.62,0
DCTW,05-Jun-2020,95.31,96.87,93.75,93.75,0
DDA,05-Jun-2020,26.5,34.63,25.64,27.48,0
DDB,05-Jun-2020,23.35,26.19,22.44,25.59,0
DECA,05-Jun-2020,72,82,67,68,90737000
DECC,05-Jun-2020,65,161,65,150,68396700
DECE,05-Jun-2020,249,333,249,333,757512200
DECN,05-Jun-2020,119,234,115,207,789882100
DECQ,05-Jun-2020,377,695,343,656,1281494000
DECS,05-Jun-2020,287,400,287,399,151107500
DECT,05-Jun-2020,568,1000,531,931,2162113000
DECU,05-Jun-2020,627,1781,627,1737,2654320000
DECV,05-Jun-2020,227,447,227,420,96974900
DECX,05-Jun-2020,579,1007,579,969,316479100
DIFD,05-Jun-2020,90,96.66,90,93.33,0
DIFI,05-Jun-2020,96.66,96.66,93.33,93.33,0
DIOF,05-Jun-2020,86.66,93.33,86.66,86.66,0
DIOH,05-Jun-2020,63.33,73.33,56.66,60,0
DITH,05-Jun-2020,56.66,56.66,50,50,0
DITW,05-Jun-2020,90,93.33,90,90,0
DIVQ,05-Jun-2020,3206.9,3264.85,3205,3254.71,0
DJC,05-Jun-2020,8746.54,8911.47,8746.54,8797.87,1453317000
DJEC,05-Jun-2020,1450.19,1469.52,1446.24,1465.81,0
DJI,05-Jun-2020,26836.8,27338.3,26836.8,27110.98,544414700
DJT,05-Jun-2020,9927.86,10075.43,9840.4,9872.96,844513900
DJU,05-Jun-2020,820.62,841.16,819.36,826.52,64387900
DJWO,05-Jun-2020,403.76,413.99,403.41,412.38,0
DJX,05-Jun-2020,268.37,273.38,268.37,271.11,0
DLTC,05-Jun-2020,2455.82,2509.73,2451.95,2503.75,0
DOWE,05-Jun-2020,1496.07,1538.74,1496.07,1538.15,0
DRCI,05-Jun-2020,266.74,269.21,263.51,264.56,0
DREI,05-Jun-2020,372.34,375.52,368.64,370.1,0
DSAE,05-Jun-2020,1352.69,1398.95,1351.06,1361.42,147684100
DSAF,05-Jun-2020,863.98,884.95,863.98,877.84,9928700
DSAG,05-Jun-2020,195.55,196.86,192.04,192.86,41390600
DSAI,05-Jun-2020,681.93,696.28,681.93,694.77,18486300
DSAL,05-Jun-2020,40.72,43.73,39.49,40.9,20687500
DSAM,05-Jun-2020,2027.19,2084.52,2024.22,2074.67,73131000
DSAP,05-Jun-2020,387,392.46,385.82,391.61,278263800
DSAR,05-Jun-2020,180.65,183.25,160.41,164.13,882047600
DSAS,05-Jun-2020,1305.55,1364.2,1298.95,1312.91,138742300
DSAT,05-Jun-2020,429.43,435.79,424.75,427.42,18347900
DSAU,05-Jun-2020,279.41,284.53,278.46,284.23,249304200
DSAV,05-Jun-2020,486.65,500.38,485.92,487.09,23106900
DSBC,05-Jun-2020,1458.39,1472.82,1440.35,1444.09,157856000
DSBD,05-Jun-2020,977.13,1000.26,977.13,991.93,40221600
DSBE,05-Jun-2020,134.28,138.4,134.28,135.7,4760600
DSBK,05-Jun-2020,406.8,410.08,392.39,394.73,498684900
DSBM,05-Jun-2020,380.32,385.01,379.89,381.11,192934700
DSBS,05-Jun-2020,166.31,168.67,165.98,168.08,103078700
DSBT,05-Jun-2020,2356.37,2375.95,2335.67,2360.39,85516000
DSBV,05-Jun-2020,763.9,778.05,763.9,773.09,48272700
DSCA,05-Jun-2020,733.97,734.25,697.7,704.59,97508400
DSCC,05-Jun-2020,495.96,499.72,491.37,493.51,27753800
DSCF,05-Jun-2020,301.05,313.81,301.05,307.21,68061500
DSCG,05-Jun-2020,1126.99,1135.53,1097.21,1104.35,1437743000
DSCH,05-Jun-2020,634.29,643.16,632.41,634.43,89855900
DSCL,05-Jun-2020,6.34,8.13,6.31,7.96,5868900
DSCM,05-Jun-2020,607.8,616.86,601.95,614.43,43296000
DSCN,05-Jun-2020,740.51,757.24,740.51,749.95,49879300
DSCP,05-Jun-2020,387.48,392.39,385.7,386.31,30017500
DSCR,05-Jun-2020,4099.82,4201.5,4099.82,4197.99,101124800
DSCS,05-Jun-2020,1722.91,1744.31,1719.18,1722.93,20983600
DSCT,05-Jun-2020,1269,1291.28,1269,1281.43,66491000
DSCX,05-Jun-2020,933.27,953.05,933.27,938.66,62102000
DSCY,05-Jun-2020,1178.08,1191.72,1178.08,1184.06,1953190000
DSDB,05-Jun-2020,568.1,575.26,555.21,556.68,3169500
DSDN,05-Jun-2020,466.65,477.02,466.65,470.09,8941800
DSDR,05-Jun-2020,714.01,715.66,706.44,708.83,36351300
DSDS,05-Jun-2020,369.43,372.26,367.09,369.4,10537900
DSDT,05-Jun-2020,62.82,65.13,61.08,61.45,22426400
DSDV,05-Jun-2020,162.2,163.68,161.43,161.87,29426000
DSEC,05-Jun-2020,359.48,365.96,359.48,362.46,25678100
DSEE,05-Jun-2020,450.6,458.36,450.6,456.94,44164500
DSEH,05-Jun-2020,53.08,53.89,48.57,49,1273100
DSEN,05-Jun-2020,339.48,368.27,339.48,365.25,741534500
DSES,05-Jun-2020,220.02,225.7,219.68,222.88,4243800
DSEU,05-Jun-2020,287.44,293.6,287.04,288.34,73948500
DSFA,05-Jun-2020,646.39,660.84,641.1,660.22,75970100
DSFB,05-Jun-2020,615.51,624.25,615.44,621.93,148360700
DSFC,05-Jun-2020,148.05,150.22,146.73,149.19,46680700
DSFD,05-Jun-2020,526.87,526.87,519.28,521.68,24969300
DSFE,05-Jun-2020,678.24,690.97,675.71,679.73,42263600
DSFH,05-Jun-2020,281.64,289.68,273,274.55,5357300
DSFI,05-Jun-2020,1192.55,1202.18,1187.6,1191.72,221708100
DSFN,05-Jun-2020,605.15,608.87,597.68,600.36,1469561000
DSFO,05-Jun-2020,374.11,377.74,373.69,377.22,100087900
DSFP,05-Jun-2020,517.64,522.66,517.06,521.94,100087900
DSFR,05-Jun-2020,109.77,113.72,106.54,110.27,1206600
DSFT,05-Jun-2020,1852.16,1907.76,1852.16,1870.91,13637800
DSFV,05-Jun-2020,668.24,672.72,656.53,659.28,0
DSGF,05-Jun-2020,1336.91,1347.71,1331.36,1335.98,221708100
DSGI,05-Jun-2020,423.82,429.51,418.57,419.79,212672900
DSGT,05-Jun-2020,1803.73,1827.02,1798.67,1822.18,284908700
DSGU,05-Jun-2020,280.68,286.45,279.47,279.94,8295600
DSHB,05-Jun-2020,935.74,968.59,929.77,957.13,16896800
DSHC,05-Jun-2020,1113,1135.21,1111.02,1127.29,308669400
DSHD,05-Jun-2020,230.41,235.77,226.13,227.1,8837600
DSHG,05-Jun-2020,742.77,754.96,741.74,751.55,44547800
DSHI,05-Jun-2020,516.7,522.98,512.72,521.18,12644800
DSHL,05-Jun-2020,72.78,77.25,72.51,72.92,91320300
DSHN,05-Jun-2020,938.58,955.89,937.13,952.24,13455900
DSHP,05-Jun-2020,2203.87,2282.68,2203.87,2260.88,45732500
DSHR,05-Jun-2020,1993.34,2066.08,1993.34,2032.96,25422500
DSHV,05-Jun-2020,427.54,434.25,424.54,426.29,9657600
DSIB,05-Jun-2020,413.51,414.65,407.78,412.14,5895000
DSID,05-Jun-2020,447.06,454.18,440.74,442.44,182655300
DSIF,05-Jun-2020,38.08,38.39,36.14,36.3,14919100
DSIG,05-Jun-2020,828.77,845.92,828.77,836.52,630988900
DSIL,05-Jun-2020,656.5,663.79,639.96,643.34,39925400
DSIM,05-Jun-2020,153.3,158.92,153.3,155.14,82062300
DSIN,05-Jun-2020,770.28,786.44,770.28,777.79,680868300
DSIO,05-Jun-2020,109.84,111.42,108.6,108.96,73144400
DSIP,05-Jun-2020,833.7,845.35,819.57,836.92,35357600
DSIQ,05-Jun-2020,1994.78,2044.56,1994.78,2014.93,67686100
DSIR,05-Jun-2020,605.79,610.77,598.32,606.12,110494200
DSIS,05-Jun-2020,682.82,694.79,679.17,694.34,120039500
DSIT,05-Jun-2020,1108.86,1140.91,1108.86,1124.11,38741500
DSIU,05-Jun-2020,252.56,256.97,250.61,255.73,14397000
DSIV,05-Jun-2020,774.63,784.48,772.59,781.3,21054400
DSIX,05-Jun-2020,585.9,592.47,579.11,588.2,70568800
DSLE,05-Jun-2020,703.33,713.76,698.68,711.61,59643300
DSLG,05-Jun-2020,1849.59,1897.13,1746.57,1760.04,34257100
DSLW,05-Jun-2020,1114.31,1126.89,1110.49,1114.24,0
DSMC,05-Jun-2020,1709.81,1761.79,1709.81,1752.25,131285200
DSME,05-Jun-2020,972.42,982.32,961.84,964.31,194186900
DSMF,05-Jun-2020,6.86,7.04,6.73,6.77,16405600
DSMG,05-Jun-2020,115.24,116.8,111.66,116.34,19809600
DSMR,05-Jun-2020,36.38,38.14,34.77,34.96,236950000
DSMS,05-Jun-2020,969.98,1007.72,969.98,1001.07,12421600
DSMT,05-Jun-2020,193.7,205.68,193.51,200.07,740300
DSMU,05-Jun-2020,209.9,215.74,209.9,211.6,25077000
DSNC,05-Jun-2020,647.48,656.99,647.48,654.23,671980500
DSNF,05-Jun-2020,136.44,149.69,136.44,145.27,27836600
DSNG,05-Jun-2020,795.99,808.85,795.99,804.01,245355900
DSNS,05-Jun-2020,2132.26,2172.3,2119.17,2164.03,128220400
DSOG,05-Jun-2020,384.06,416.97,384.06,414.25,483722900
DSOI,05-Jun-2020,130.56,145.14,130.56,142.05,217516000
DSOL,05-Jun-2020,370.61,400.9,370.61,398.23,172168900
DSOQ,05-Jun-2020,218.01,235.95,218.01,232.06,256310100
DSOS,05-Jun-2020,419.23,457.62,419.23,454.49,311553900
DSPB,05-Jun-2020,424.71,430.94,424.71,427.77,13224000
DSPC,05-Jun-2020,316.05,324.66,314.92,323,7716300
DSPG,05-Jun-2020,664.67,678.63,664.67,673.22,124995300
DSPL,05-Jun-2020,501.39,532.06,501.39,523.93,38794100
DSPM,05-Jun-2020,124.21,125.85,120.3,125.25,13940700
DSPN,05-Jun-2020,865.55,875.54,860.93,867.02,177384200
DSPP,05-Jun-2020,90.73,93.99,88.06,91.14,1206600
DSPR,05-Jun-2020,610.44,619.27,608.7,611.47,91868100
DSRA,05-Jun-2020,900.98,923.83,895.88,905.9,111688700
DSRB,05-Jun-2020,2518.26,2553.03,2509.7,2547.42,98600500
DSRD,05-Jun-2020,770.75,787.27,769.45,771.42,11381900
DSRE,05-Jun-2020,332.48,337.16,330.67,331.97,638674000
DSRH,05-Jun-2020,466.03,477.07,465.1,469.8,5517000
DSRI,05-Jun-2020,137.17,139.16,136.37,136.9,633156900
DSRL,05-Jun-2020,73.06,76.39,73.06,73.88,85593000
DSRN,05-Jun-2020,213.8,219.47,213.8,216.48,25981700
DSRP,05-Jun-2020,444,449.86,427.46,429.7,4626100
DSRQ,05-Jun-2020,85.12,88.19,82.62,84.3,306012300
DSRR,05-Jun-2020,2491.36,2576.55,2491.36,2531.45,14870000
DSRS,05-Jun-2020,1963.17,1989.88,1956.59,1985.16,40990900
DSRT,05-Jun-2020,1587.38,1604.93,1582.38,1600.69,321260100
DSRU,05-Jun-2020,1886.72,1906.18,1874.38,1884.37,44174900
DSSB,05-Jun-2020,1250.83,1259.97,1234,1235.21,71144300
DSSC,05-Jun-2020,4712.95,4809.2,4711.9,4751.16,215944300
DSSD,05-Jun-2020,710.51,723.27,709.94,718.44,42179700
DSSF,05-Jun-2020,393.26,399.4,393.26,397.01,78589200
DSSP,05-Jun-2020,382.63,385.17,378.68,382.91,14178100
DSSR,05-Jun-2020,240.19,240.9,237.6,239.47,97740900
DSST,05-Jun-2020,197.75,200.97,195.04,195.92,33538100
DSSV,05-Jun-2020,3268.93,3336.19,3251.93,3329.97,455054400
DSSW,05-Jun-2020,3478.32,3567,3459.94,3560.63,297408000
DSTB,05-Jun-2020,587.72,595.71,583.93,587.21,16169400
DSTC,05-Jun-2020,2632.88,2686.3,2626.27,2678.83,838614700
DSTK,05-Jun-2020,971.75,981.6,965.94,972.78,6913900
DSTL,05-Jun-2020,175.95,177.98,174.75,176.67,68591800
DSTP,05-Jun-2020,776.28,786.07,776.28,781.73,0
DSTQ,05-Jun-2020,2277.32,2323.68,2277.32,2313.09,383560200
DSTR,05-Jun-2020,33.32,36.56,33.32,35.06,10611700
DSTS,05-Jun-2020,206.27,214.72,203.83,204.92,6288400
DSTT,05-Jun-2020,637.83,649.31,633.4,636.09,73742200
DSTY,05-Jun-2020,1030.65,1056.01,1021.04,1052.93,55017200
DSUO,05-Jun-2020,302.01,309.85,302.01,303.7,35219300
DSUT,05-Jun-2020,301.19,308.02,300.99,302.34,109167800
DSVE,05-Jun-2020,287.79,293.96,287.39,288.69,73948500
DSVN,05-Jun-2020,410.92,427.09,410.92,423.47,2923400
DSWC,05-Jun-2020,394.36,397.87,391.39,394.73,21911000
DSWU,05-Jun-2020,2842.47,2913.5,2834.11,2858.94,1846500
DTCI,05-Jun-2020,1680.15,1696.46,1660.56,1667.18,0
DTEI,05-Jun-2020,2049.5,2068.29,2030.29,2038.32,0
DTFD,05-Jun-2020,100,100,90,90,0
DTFI,05-Jun-2020,100,100,100,100,0
DTFX,05-Jun-2020,122.79,123.13,122.37,122.48,0
DTOF,05-Jun-2020,100,100,80,80,0
DTOH,05-Jun-2020,60,65,55,55,0
DTTH,05-Jun-2020,55,55,40,40,0
DTTW,05-Jun-2020,100,100,95,95,0
DTWC,05-Jun-2020,19730.63,20554.98,19730.63,20294.61,0
DTWI,05-Jun-2020,60091,62504.1,60091,61986.8,0
DTWT,05-Jun-2020,15567.21,16378.16,15567.21,16051.1,0
DTWU,05-Jun-2020,3643.87,3764.56,3643.87,3699.63,0
DUBS,05-Jun-2020,64.23,64.94,64.21,64.69,0
DUFD,05-Jun-2020,73.33,93.33,66.66,80,0
DUFI,05-Jun-2020,93.33,93.33,93.33,93.33,0
DUOF,05-Jun-2020,40,53.33,40,40,0
DUOH,05-Jun-2020,26.66,33.33,26.66,26.66,0
DUSL,05-Jun-2020,687.7,696.61,687.35,693.44,0
DUSM,05-Jun-2020,1140.36,1153.2,1138.02,1141.97,0
DUSS,05-Jun-2020,1072.28,1084.5,1065.91,1069.33,0
DUTH,05-Jun-2020,20,26.66,20,20,0
DUTW,05-Jun-2020,100,100,100,100,0
DVCA,05-Jun-2020,11.85,90.73,11.85,90.73,0
DVCC,05-Jun-2020,2.13,70.93,2.13,68.39,0
DVCE,05-Jun-2020,74.21,757.51,74.21,757.51,0
DVCN,05-Jun-2020,49.92,798.48,49.92,789.88,0
DVCQ,05-Jun-2020,86.62,1289.19,86.62,1281.49,0
DVCS,05-Jun-2020,13.17,151.1,13.17,151.1,0
DVCT,05-Jun-2020,148.4,2165.26,148.4,2162.11,0
DVCU,05-Jun-2020,156.24,3307.03,156.24,2654.31,0
DVCV,05-Jun-2020,15.24,99.1,15.24,96.97,0
DVCX,05-Jun-2020,30.55,317.58,30.55,316.47,0
DVS,05-Jun-2020,121,121.4,121,121.4,0
DWCB,05-Jun-2020,4776.36,4797.81,4605.26,4636.28,0
DXY,05-Jun-2020,96.75,97.03,96.44,96.95,0
EVZ,05-Jun-2020,7.42,7.76,7.11,7.3,0
FBV,05-Jun-2020,24.33,24.47,24.33,24.41,0
FVX,05-Jun-2020,0.42,0.5,0.42,0.47,0
GLD,05-Jun-2020,1713.18,1715.18,1672.8,1684.37,212677
GMI,05-Jun-2020,32.99,33.01,31.5,32.49,0
GNX,05-Jun-2020,316.5,326.27,315.59,325.54,0
GVZ,05-Jun-2020,18.14,18.65,17.56,18.17,0
HGX,05-Jun-2020,327.49,330.52,323.03,326.6,0
HIGA,05-Jun-2020,2,2,2,2,0
HIGC,05-Jun-2020,1,1,1,1,0
HIGD,05-Jun-2020,0.01,0.01,0.01,0.01,0
HIGE,05-Jun-2020,105,105,105,105,0
HIGN,05-Jun-2020,46,46,46,46,0
HIGQ,05-Jun-2020,75,75,75,75,0
HIGS,05-Jun-2020,5,5,5,5,0
HIGU,05-Jun-2020,131,131,131,131,0
HIGV,05-Jun-2020,4,4,4,4,0
HUI,05-Jun-2020,254.52,261.34,250.16,261.26,0
HVX,05-Jun-2020,96.97,102.26,96.97,101.21,0
IDX,05-Jun-2020,1907.92,1939.47,1905.44,1911.15,944998800
INDS,05-Jun-2020,7431.04,7522.1,7429.22,7502.75,0
INSR,05-Jun-2020,8889.84,8934.15,8747.23,8845.26,0
IQX,05-Jun-2020,4319,4530.77,4319,4475.51,0
IQZ,05-Jun-2020,10751.72,10956.93,10751.72,10800.85,0
IRX,05-Jun-2020,0.14,0.14,0.14,0.14,0
IVX,05-Jun-2020,1150.55,1168.58,1150.55,1156.67,0
IXB,05-Jun-2020,629.74,635.47,629.03,630.92,0
IXCO,05-Jun-2020,6515.36,6647.22,6499.67,6630.08,0
IXE,05-Jun-2020,455.74,468.85,455.74,464.81,0
IXF,05-Jun-2020,4717.26,4732.49,4653.7,4679.55,0
IXHC,05-Jun-2020,983.74,995.88,975.57,988.91,0
IXI,05-Jun-2020,751.95,764.56,747.43,750.93,0
IXM,05-Jun-2020,324.31,329,320.95,322.17,0
IXR,05-Jun-2020,601.91,608.85,600.43,606.26,0
IXTC,05-Jun-2020,419.05,425.32,418.45,421.67,0
IXU,05-Jun-2020,614.14,627.75,613.3,616.43,0
IXV,05-Jun-2020,1028.63,1048.62,1025.99,1041.27,0
IXY,05-Jun-2020,1313.42,1330.31,1313.42,1323.76,0
JX,05-Jun-2020,559.23,559.23,546.89,556.91,89642100
KDX,05-Jun-2020,88.6,89.91,85.74,86.07,0
KIX,05-Jun-2020,264.4,264.6,258.42,260.39,0
KLX,05-Jun-2020,28.99,30.6,28.99,29.83,0
KPX,05-Jun-2020,691.94,696.77,678.29,689.09,0
KRX,05-Jun-2020,83.85,84.92,82.1,83.25,0
KSX,05-Jun-2020,393.6,396.96,386.23,386.79,0
KYX,05-Jun-2020,57.97,60.9,57.97,59.31,0
LOWA,05-Jun-2020,0.01,0.01,0.01,0.01,0
LOWC,05-Jun-2020,1,1,1,1,0
LOWD,05-Jun-2020,0.01,0.01,0.01,0.01,0
LOWE,05-Jun-2020,65,65,65,65,0
LOWN,05-Jun-2020,0.01,0.01,0.01,0.01,0
LOWQ,05-Jun-2020,1,1,1,1,0
LOWS,05-Jun-2020,3,3,3,3,0
LOWU,05-Jun-2020,46,46,46,46,0
LOWV,05-Jun-2020,1,1,1,1,0
M1DA,05-Jun-2020,53,53,53,53,18600
M1DB,05-Jun-2020,23,23,23,23,2800
M1DC,05-Jun-2020,1210,1210,1210,1210,193700
M1DE,05-Jun-2020,1324,1324,1324,1324,195000
M1DF,05-Jun-2020,54,54,54,54,6000
M1DG,05-Jun-2020,706,706,706,706,98200
M1DH,05-Jun-2020,1885,1885,1885,1885,365900
M1DI,05-Jun-2020,66,66,66,66,7200
M1DJ,05-Jun-2020,16,16,16,16,2800
M1DK,05-Jun-2020,51,51,51,51,7100
M1DL,05-Jun-2020,637,637,637,637,306800
M1DM,05-Jun-2020,11,11,11,11,3300
M1DN,05-Jun-2020,1410,1410,1410,1410,190700
M1DO,05-Jun-2020,71,71,71,71,10000
M1DP,05-Jun-2020,364,364,364,364,49800
M1DQ,05-Jun-2020,1059,1059,1059,1059,260800
M1DR,05-Jun-2020,24,24,24,24,3100
M1DS,05-Jun-2020,30,30,30,30,6100
M1DT,05-Jun-2020,25,25,25,25,2600
M1DU,05-Jun-2020,345,345,345,345,257300
M1DV,05-Jun-2020,2177,2177,2177,2177,415400
M1DW,05-Jun-2020,17,17,17,17,2600
M1DX,05-Jun-2020,2522,2522,2522,2522,470100
M1DY,05-Jun-2020,47,47,47,47,6300
M1DZ,05-Jun-2020,1890,1890,1890,1890,283500
M1HA,05-Jun-2020,58,58,58,58,18600
M1HB,05-Jun-2020,24,24,24,24,2800
M1HC,05-Jun-2020,1236,1236,1236,1236,193700
M1HE,05-Jun-2020,1467,1467,1467,1467,195000
M1HF,05-Jun-2020,55,55,55,55,6000
M1HG,05-Jun-2020,722,722,722,722,98200
M1HH,05-Jun-2020,1931,1931,1931,1931,365900
M1HI,05-Jun-2020,66,66,66,66,7200
M1HJ,05-Jun-2020,16,16,16,16,2800
M1HK,05-Jun-2020,52,52,52,52,7100
M1HL,05-Jun-2020,676,676,676,676,306800
M1HM,05-Jun-2020,12,12,12,12,3300
M1HN,05-Jun-2020,1432,1432,1432,1432,190700
M1HO,05-Jun-2020,73,73,73,73,10000
M1HP,05-Jun-2020,372,372,372,372,49800
M1HQ,05-Jun-2020,1117,1117,1117,1117,260800
M1HR,05-Jun-2020,24,24,24,24,3100
M1HS,05-Jun-2020,33,33,33,33,6100
M1HT,05-Jun-2020,25,25,25,25,2600
M1HU,05-Jun-2020,358,358,358,358,257300
M1HV,05-Jun-2020,2249,2249,2249,2249,415400
M1HW,05-Jun-2020,18,18,18,18,2600
M1HX,05-Jun-2020,2607,2607,2607,2607,470100
M1HY,05-Jun-2020,47,47,47,47,6300
M1HZ,05-Jun-2020,1931,1931,1931,1931,283500
M1LA,05-Jun-2020,5,5,5,5,18600
M1LB,05-Jun-2020,1,1,1,1,2800
M1LC,05-Jun-2020,26,26,26,26,193700
M1LE,05-Jun-2020,143,143,143,143,195000
M1LF,05-Jun-2020,1,1,1,1,6000
M1LG,05-Jun-2020,16,16,16,16,98200
M1LH,05-Jun-2020,46,46,46,46,365900
M1LI,05-Jun-2020,0.01,0.01,0.01,0.01,7200
M1LJ,05-Jun-2020,0.01,0.01,0.01,0.01,2800
M1LK,05-Jun-2020,1,1,1,1,7100
M1LL,05-Jun-2020,39,39,39,39,306800
M1LM,05-Jun-2020,1,1,1,1,3300
M1LN,05-Jun-2020,22,22,22,22,190700
M1LO,05-Jun-2020,2,2,2,2,10000
M1LP,05-Jun-2020,8,8,8,8,49800
M1LQ,05-Jun-2020,58,58,58,58,260800
M1LR,05-Jun-2020,0.01,0.01,0.01,0.01,3100
M1LS,05-Jun-2020,3,3,3,3,6100
M1LT,05-Jun-2020,0.01,0.01,0.01,0.01,2600
M1LU,05-Jun-2020,13,13,13,13,257300
M1LV,05-Jun-2020,72,72,72,72,415400
M1LW,05-Jun-2020,1,1,1,1,2600
M1LX,05-Jun-2020,85,85,85,85,470100
M1LY,05-Jun-2020,0.01,0.01,0.01,0.01,6300
M1LZ,05-Jun-2020,41,41,41,41,283500
M3DA,05-Jun-2020,16,16,16,16,18600
M3DB,05-Jun-2020,19,19,19,19,2800
M3DC,05-Jun-2020,532,532,532,532,193700
M3DE,05-Jun-2020,811,811,811,811,195000
M3DF,05-Jun-2020,35,35,35,35,6000
M3DG,05-Jun-2020,418,418,418,418,98200
M3DH,05-Jun-2020,986,986,986,986,365900
M3DI,05-Jun-2020,49,49,49,49,7200
M3DJ,05-Jun-2020,1,1,1,1,2800
M3DK,05-Jun-2020,43,43,43,43,7100
M3DL,05-Jun-2020,191,191,191,191,306800
M3DM,05-Jun-2020,5,5,5,5,3300
M3DN,05-Jun-2020,634,634,634,634,190700
M3DO,05-Jun-2020,50,50,50,50,10000
M3DP,05-Jun-2020,232,232,232,232,49800
M3DQ,05-Jun-2020,527,527,527,527,260800
M3DR,05-Jun-2020,3,3,3,3,3100
M3DS,05-Jun-2020,26,26,26,26,6100
M3DT,05-Jun-2020,12,12,12,12,2600
M3DU,05-Jun-2020,102,102,102,102,257300
M3DV,05-Jun-2020,1075,1075,1075,1075,415400
M3DW,05-Jun-2020,11,11,11,11,2600
M3DX,05-Jun-2020,1177,1177,1177,1177,470100
M3DY,05-Jun-2020,28,28,28,28,6300
M3DZ,05-Jun-2020,939,939,939,939,283500
M3HA,05-Jun-2020,16,16,16,16,18600
M3HB,05-Jun-2020,19,19,19,19,2800
M3HC,05-Jun-2020,533,533,533,533,193700
M3HE,05-Jun-2020,885,885,885,885,195000
M3HF,05-Jun-2020,35,35,35,35,6000
M3HG,05-Jun-2020,418,418,418,418,98200
M3HH,05-Jun-2020,987,987,987,987,365900
M3HI,05-Jun-2020,49,49,49,49,7200
M3HJ,05-Jun-2020,1,1,1,1,2800
M3HK,05-Jun-2020,43,43,43,43,7100
M3HL,05-Jun-2020,194,194,194,194,306800
M3HM,05-Jun-2020,5,5,5,5,3300
M3HN,05-Jun-2020,634,634,634,634,190700
M3HO,05-Jun-2020,50,50,50,50,10000
M3HP,05-Jun-2020,232,232,232,232,49800
M3HQ,05-Jun-2020,531,531,531,531,260800
M3HR,05-Jun-2020,3,3,3,3,3100
M3HS,05-Jun-2020,26,26,26,26,6100
M3HT,05-Jun-2020,12,12,12,12,2600
M3HU,05-Jun-2020,105,105,105,105,257300
M3HV,05-Jun-2020,1076,1076,1076,1076,415400
M3HW,05-Jun-2020,11,11,11,11,2600
M3HX,05-Jun-2020,1181,1181,1181,1181,470100
M3HY,05-Jun-2020,28,28,28,28,6300
M3HZ,05-Jun-2020,940,940,940,940,283500
M3LA,05-Jun-2020,0.01,0.01,0.01,0.01,18600
M3LB,05-Jun-2020,0.01,0.01,0.01,0.01,2800
M3LC,05-Jun-2020,1,1,1,1,193700
M3LE,05-Jun-2020,74,74,74,74,195000
M3LF,05-Jun-2020,0.01,0.01,0.01,0.01,6000
M3LG,05-Jun-2020,0.01,0.01,0.01,0.01,98200
M3LH,05-Jun-2020,1,1,1,1,365900
M3LI,05-Jun-2020,0.01,0.01,0.01,0.01,7200
M3LJ,05-Jun-2020,0.01,0.01,0.01,0.01,2800
M3LK,05-Jun-2020,0.01,0.01,0.01,0.01,7100
M3LL,05-Jun-2020,3,3,3,3,306800
M3LM,05-Jun-2020,0.01,0.01,0.01,0.01,3300
M3LN,05-Jun-2020,0.01,0.01,0.01,0.01,190700
M3LO,05-Jun-2020,0.01,0.01,0.01,0.01,10000
M3LP,05-Jun-2020,0.01,0.01,0.01,0.01,49800
M3LQ,05-Jun-2020,4,4,4,4,260800
M3LR,05-Jun-2020,0.01,0.01,0.01,0.01,3100
M3LS,05-Jun-2020,0.01,0.01,0.01,0.01,6100
M3LT,05-Jun-2020,0.01,0.01,0.01,0.01,2600
M3LU,05-Jun-2020,3,3,3,3,257300
M3LV,05-Jun-2020,1,1,1,1,415400
M3LW,05-Jun-2020,0.01,0.01,0.01,0.01,2600
M3LX,05-Jun-2020,4,4,4,4,470100
M3LY,05-Jun-2020,0.01,0.01,0.01,0.01,6300
M3LZ,05-Jun-2020,1,1,1,1,283500
M5DA,05-Jun-2020,53,53,53,53,18600
M5DB,05-Jun-2020,23,23,23,23,2800
M5DC,05-Jun-2020,1380,1380,1380,1380,193700
M5DE,05-Jun-2020,1261,1261,1261,1261,195000
M5DF,05-Jun-2020,50,50,50,50,6000
M5DG,05-Jun-2020,650,650,650,650,98200
M5DH,05-Jun-2020,1928,1928,1928,1928,365900
M5DI,05-Jun-2020,66,66,66,66,7200
M5DJ,05-Jun-2020,18,18,18,18,2800
M5DK,05-Jun-2020,43,43,43,43,7100
M5DL,05-Jun-2020,830,830,830,830,306800
M5DM,05-Jun-2020,3,3,3,3,3300
M5DN,05-Jun-2020,1462,1462,1462,1462,190700
M5DO,05-Jun-2020,66,66,66,66,10000
M5DP,05-Jun-2020,336,336,336,336,49800
M5DQ,05-Jun-2020,1243,1243,1243,1243,260800
M5DR,05-Jun-2020,22,22,22,22,3100
M5DS,05-Jun-2020,25,25,25,25,6100
M5DT,05-Jun-2020,25,25,25,25,2600
M5DU,05-Jun-2020,482,482,482,482,257300
M5DV,05-Jun-2020,2276,2276,2276,2276,415400
M5DW,05-Jun-2020,13,13,13,13,2600
M5DX,05-Jun-2020,2758,2758,2758,2758,470100
M5DY,05-Jun-2020,48,48,48,48,6300
M5DZ,05-Jun-2020,1992,1992,1992,1992,283500
M5HA,05-Jun-2020,90,90,90,90,18600
M5HB,05-Jun-2020,25,25,25,25,2800
M5HC,05-Jun-2020,1509,1509,1509,1509,193700
M5HE,05-Jun-2020,1516,1516,1516,1516,195000
M5HF,05-Jun-2020,55,55,55,55,6000
M5HG,05-Jun-2020,761,761,761,761,98200
M5HH,05-Jun-2020,2206,2206,2206,2206,365900
M5HI,05-Jun-2020,68,68,68,68,7200
M5HJ,05-Jun-2020,18,18,18,18,2800
M5HK,05-Jun-2020,55,55,55,55,7100
M5HL,05-Jun-2020,1019,1019,1019,1019,306800
M5HM,05-Jun-2020,13,13,13,13,3300
M5HN,05-Jun-2020,1577,1577,1577,1577,190700
M5HO,05-Jun-2020,78,78,78,78,10000
M5HP,05-Jun-2020,390,390,390,390,49800
M5HQ,05-Jun-2020,1558,1558,1558,1558,260800
M5HR,05-Jun-2020,24,24,24,24,3100
M5HS,05-Jun-2020,38,38,38,38,6100
M5HT,05-Jun-2020,25,25,25,25,2600
M5HU,05-Jun-2020,557,557,557,557,257300
M5HV,05-Jun-2020,2668,2668,2668,2668,415400
M5HW,05-Jun-2020,18,18,18,18,2600
M5HX,05-Jun-2020,3225,3225,3225,3225,470100
M5HY,05-Jun-2020,51,51,51,51,6300
M5HZ,05-Jun-2020,2226,2226,2226,2226,283500
M5LA,05-Jun-2020,37,37,37,37,18600
M5LB,05-Jun-2020,2,2,2,2,2800
M5LC,05-Jun-2020,129,129,129,129,193700
M5LE,05-Jun-2020,255,255,255,255,195000
M5LF,05-Jun-2020,5,5,5,5,6000
M5LG,05-Jun-2020,111,111,111,111,98200
M5LH,05-Jun-2020,278,278,278,278,365900
M5LI,05-Jun-2020,2,2,2,2,7200
M5LJ,05-Jun-2020,0.01,0.01,0.01,0.01,2800
M5LK,05-Jun-2020,12,12,12,12,7100
M5LL,05-Jun-2020,189,189,189,189,306800
M5LM,05-Jun-2020,10,10,10,10,3300
M5LN,05-Jun-2020,115,115,115,115,190700
M5LO,05-Jun-2020,12,12,12,12,10000
M5LP,05-Jun-2020,54,54,54,54,49800
M5LQ,05-Jun-2020,315,315,315,315,260800
M5LR,05-Jun-2020,2,2,2,2,3100
M5LS,05-Jun-2020,13,13,13,13,6100
M5LT,05-Jun-2020,0.01,0.01,0.01,0.01,2600
M5LU,05-Jun-2020,75,75,75,75,257300
M5LV,05-Jun-2020,392,392,392,392,415400
M5LW,05-Jun-2020,5,5,5,5,2600
M5LX,05-Jun-2020,467,467,467,467,470100
M5LY,05-Jun-2020,3,3,3,3,6300
M5LZ,05-Jun-2020,234,234,234,234,283500
M6DA,05-Jun-2020,4,4,4,4,18600
M6DB,05-Jun-2020,1,1,1,1,2800
M6DC,05-Jun-2020,80,80,80,80,193700
M6DE,05-Jun-2020,25,25,25,25,195000
M6DF,05-Jun-2020,2,2,2,2,6000
M6DG,05-Jun-2020,49,49,49,49,98200
M6DH,05-Jun-2020,150,150,150,150,365900
M6DI,05-Jun-2020,7,7,7,7,7200
M6DJ,05-Jun-2020,0.01,0.01,0.01,0.01,2800
M6DK,05-Jun-2020,9,9,9,9,7100
M6DL,05-Jun-2020,31,31,31,31,306800
M6DM,05-Jun-2020,1,1,1,1,3300
M6DN,05-Jun-2020,60,60,60,60,190700
M6DO,05-Jun-2020,7,7,7,7,10000
M6DP,05-Jun-2020,30,30,30,30,49800
M6DQ,05-Jun-2020,117,117,117,117,260800
M6DR,05-Jun-2020,0.01,0.01,0.01,0.01,3100
M6DS,05-Jun-2020,8,8,8,8,6100
M6DT,05-Jun-2020,0.01,0.01,0.01,0.01,2600
M6DU,05-Jun-2020,13,13,13,13,257300
M6DV,05-Jun-2020,168,168,168,168,415400
M6DW,05-Jun-2020,1,1,1,1,2600
M6DX,05-Jun-2020,181,181,181,181,470100
M6DY,05-Jun-2020,1,1,1,1,6300
M6DZ,05-Jun-2020,128,128,128,128,283500
M6HA,05-Jun-2020,4,4,4,4,18600
M6HB,05-Jun-2020,1,1,1,1,2800
M6HC,05-Jun-2020,81,81,81,81,193700
M6HE,05-Jun-2020,83,83,83,83,195000
M6HF,05-Jun-2020,2,2,2,2,6000
M6HG,05-Jun-2020,49,49,49,49,98200
M6HH,05-Jun-2020,151,151,151,151,365900
M6HI,05-Jun-2020,7,7,7,7,7200
M6HJ,05-Jun-2020,0.01,0.01,0.01,0.01,2800
M6HK,05-Jun-2020,9,9,9,9,7100
M6HL,05-Jun-2020,33,33,33,33,306800
M6HM,05-Jun-2020,1,1,1,1,3300
M6HN,05-Jun-2020,60,60,60,60,190700
M6HO,05-Jun-2020,7,7,7,7,10000
M6HP,05-Jun-2020,30,30,30,30,49800
M6HQ,05-Jun-2020,120,120,120,120,260800
M6HR,05-Jun-2020,0.01,0.01,0.01,0.01,3100
M6HS,05-Jun-2020,8,8,8,8,6100
M6HT,05-Jun-2020,0.01,0.01,0.01,0.01,2600
M6HU,05-Jun-2020,15,15,15,15,257300
M6HV,05-Jun-2020,169,169,169,169,415400
M6HW,05-Jun-2020,1,1,1,1,2600
M6HX,05-Jun-2020,184,184,184,184,470100
M6HY,05-Jun-2020,1,1,1,1,6300
M6HZ,05-Jun-2020,129,129,129,129,283500
M6LA,05-Jun-2020,0.01,0.01,0.01,0.01,18600
M6LB,05-Jun-2020,0.01,0.01,0.01,0.01,2800
M6LC,05-Jun-2020,1,1,1,1,193700
M6LE,05-Jun-2020,58,58,58,58,195000
M6LF,05-Jun-2020,0.01,0.01,0.01,0.01,6000
M6LG,05-Jun-2020,0.01,0.01,0.01,0.01,98200
M6LH,05-Jun-2020,1,1,1,1,365900
M6LI,05-Jun-2020,0.01,0.01,0.01,0.01,7200
M6LJ,05-Jun-2020,0.01,0.01,0.01,0.01,2800
M6LK,05-Jun-2020,0.01,0.01,0.01,0.01,7100
M6LL,05-Jun-2020,2,2,2,2,306800
M6LM,05-Jun-2020,0.01,0.01,0.01,0.01,3300
M6LN,05-Jun-2020,0.01,0.01,0.01,0.01,190700
M6LO,05-Jun-2020,0.01,0.01,0.01,0.01,10000
M6LP,05-Jun-2020,0.01,0.01,0.01,0.01,49800
M6LQ,05-Jun-2020,3,3,3,3,260800
M6LR,05-Jun-2020,0.01,0.01,0.01,0.01,3100
M6LS,05-Jun-2020,0.01,0.01,0.01,0.01,6100
M6LT,05-Jun-2020,0.01,0.01,0.01,0.01,2600
M6LU,05-Jun-2020,2,2,2,2,257300
M6LV,05-Jun-2020,1,1,1,1,415400
M6LW,05-Jun-2020,0.01,0.01,0.01,0.01,2600
M6LX,05-Jun-2020,3,3,3,3,470100
M6LY,05-Jun-2020,0.01,0.01,0.01,0.01,6300
M6LZ,05-Jun-2020,1,1,1,1,283500
MADA,05-Jun-2020,2,2,2,2,18600
MADB,05-Jun-2020,1,1,1,1,2800
MADC,05-Jun-2020,56,56,56,56,193700
MADE,05-Jun-2020,19,19,19,19,195000
MADF,05-Jun-2020,2,2,2,2,6000
MADG,05-Jun-2020,37,37,37,37,98200
MADH,05-Jun-2020,113,113,113,113,365900
MADI,05-Jun-2020,4,4,4,4,7200
MADJ,05-Jun-2020,0.01,0.01,0.01,0.01,2800
MADK,05-Jun-2020,9,9,9,9,7100
MADL,05-Jun-2020,14,14,14,14,306800
MADM,05-Jun-2020,0.01,0.01,0.01,0.01,3300
MADN,05-Jun-2020,46,46,46,46,190700
MADO,05-Jun-2020,6,6,6,6,10000
MADP,05-Jun-2020,24,24,24,24,49800
MADQ,05-Jun-2020,79,79,79,79,260800
MADR,05-Jun-2020,0.01,0.01,0.01,0.01,3100
MADS,05-Jun-2020,6,6,6,6,6100
MADT,05-Jun-2020,0.01,0.01,0.01,0.01,2600
MADU,05-Jun-2020,10,10,10,10,257300
MADV,05-Jun-2020,117,117,117,117,415400
MADW,05-Jun-2020,1,1,1,1,2600
MADX,05-Jun-2020,127,127,127,127,470100
MADY,05-Jun-2020,1,1,1,1,6300
MADZ,05-Jun-2020,93,93,93,93,283500
MAHA,05-Jun-2020,2,2,2,2,18600
MAHB,05-Jun-2020,1,1,1,1,2800
MAHC,05-Jun-2020,56,56,56,56,193700
MAHE,05-Jun-2020,76,76,76,76,195000
MAHF,05-Jun-2020,2,2,2,2,6000
MAHG,05-Jun-2020,37,37,37,37,98200
MAHH,05-Jun-2020,113,113,113,113,365900
MAHI,05-Jun-2020,4,4,4,4,7200
MAHJ,05-Jun-2020,0.01,0.01,0.01,0.01,2800
MAHK,05-Jun-2020,9,9,9,9,7100
MAHL,05-Jun-2020,15,15,15,15,306800
MAHM,05-Jun-2020,0.01,0.01,0.01,0.01,3300
MAHN,05-Jun-2020,46,46,46,46,190700
MAHO,05-Jun-2020,6,6,6,6,10000
MAHP,05-Jun-2020,24,24,24,24,49800
MAHQ,05-Jun-2020,80,80,80,80,260800
MAHR,05-Jun-2020,0.01,0.01,0.01,0.01,3100
MAHS,05-Jun-2020,6,6,6,6,6100
MAHT,05-Jun-2020,0.01,0.01,0.01,0.01,2600
MAHU,05-Jun-2020,11,11,11,11,257300
MAHV,05-Jun-2020,117,117,117,117,415400
MAHW,05-Jun-2020,1,1,1,1,2600
MAHX,05-Jun-2020,128,128,128,128,470100
MAHY,05-Jun-2020,1,1,1,1,6300
MAHZ,05-Jun-2020,93,93,93,93,283500
MALA,05-Jun-2020,0.01,0.01,0.01,0.01,18600
MALB,05-Jun-2020,0.01,0.01,0.01,0.01,2800
MALC,05-Jun-2020,0.01,0.01,0.01,0.01,193700
MALE,05-Jun-2020,57,57,57,57,195000
MALF,05-Jun-2020,0.01,0.01,0.01,0.01,6000
MALG,05-Jun-2020,0.01,0.01,0.01,0.01,98200
MALH,05-Jun-2020,0.01,0.01,0.01,0.01,365900
MALI,05-Jun-2020,0.01,0.01,0.01,0.01,7200
MALJ,05-Jun-2020,0.01,0.01,0.01,0.01,2800
MALK,05-Jun-2020,0.01,0.01,0.01,0.01,7100
MALL,05-Jun-2020,1,1,1,1,306800
MALM,05-Jun-2020,0.01,0.01,0.01,0.01,3300
MALN,05-Jun-2020,0.01,0.01,0.01,0.01,190700
MALO,05-Jun-2020,0.01,0.01,0.01,0.01,10000
MALP,05-Jun-2020,0.01,0.01,0.01,0.01,49800
MALQ,05-Jun-2020,1,1,1,1,260800
MALR,05-Jun-2020,0.01,0.01,0.01,0.01,3100
MALS,05-Jun-2020,0.01,0.01,0.01,0.01,6100
MALT,05-Jun-2020,0.01,0.01,0.01,0.01,2600
MALU,05-Jun-2020,1,1,1,1,257300
MALV,05-Jun-2020,0.01,0.01,0.01,0.01,415400
MALW,05-Jun-2020,0.01,0.01,0.01,0.01,2600
MALX,05-Jun-2020,1,1,1,1,470100
MALY,05-Jun-2020,0.01,0.01,0.01,0.01,6300
MALZ,05-Jun-2020,0.01,0.01,0.01,0.01,283500
MMFD,05-Jun-2020,83.69,84.54,80.11,80.92,0
MMFI,05-Jun-2020,92.7,92.89,92.1,92.34,0
MMOF,05-Jun-2020,50.06,51.69,48.81,49.01,0
MMOH,05-Jun-2020,70.19,72.87,69.38,69.51,0
MMTH,05-Jun-2020,45.75,46.97,44.32,44.68,0
MMTW,05-Jun-2020,88.42,88.63,87.33,87.53,0
MNFD,05-Jun-2020,74.17,74.17,73.81,73.81,0
MNFI,05-Jun-2020,91.06,91.06,90.58,90.61,0
MNOF,05-Jun-2020,41.84,41.9,41.52,41.55,0
MNOH,05-Jun-2020,57.74,57.74,57.36,57.39,0
MNTH,05-Jun-2020,39.38,39.43,39.11,39.14,0
MNTW,05-Jun-2020,86,86,85.53,85.55,0
MOFD,05-Jun-2020,51.97,51.97,51.64,51.7,0
MOFI,05-Jun-2020,86.51,86.51,86.04,86.07,0
MOOF,05-Jun-2020,34.4,34.46,34.28,34.31,0
MOOH,05-Jun-2020,42.18,42.29,42.05,42.08,0
MOTH,05-Jun-2020,33.55,33.62,33.33,33.36,0
MOTW,05-Jun-2020,81.83,81.83,81.25,81.28,0
MPFD,05-Jun-2020,57.12,57.36,57.12,57.16,0
MPFI,05-Jun-2020,57.82,57.82,57.43,57.44,0
MPOF,05-Jun-2020,23.59,23.69,23.55,23.58,0
MPOH,05-Jun-2020,24.24,24.32,24.15,24.19,0
MPTH,05-Jun-2020,23.44,23.53,23.32,23.36,0
MPTW,05-Jun-2020,61.19,61.26,61.07,61.07,0
MTFD,05-Jun-2020,71.28,71.85,69.3,70.03,0
MTFI,05-Jun-2020,88.18,89.87,88.18,89.52,0
MTOF,05-Jun-2020,43.99,43.99,40.44,40.44,0
MTOH,05-Jun-2020,56.82,59.43,56.06,56.61,0
MTTH,05-Jun-2020,37.88,38.44,36.94,37.13,0
MTTW,05-Jun-2020,77.59,79.34,76.95,78.3,0
MUFD,05-Jun-2020,67.14,67.66,66.99,67.15,0
MUFI,05-Jun-2020,88.57,89.35,88.57,88.92,0
MUOF,05-Jun-2020,40.2,40.4,39.92,40.03,0
MUOH,05-Jun-2020,51.02,51.06,50.37,50.55,0
MUTH,05-Jun-2020,36.32,36.34,35.82,35.97,0
MUTW,05-Jun-2020,77.75,78.7,77.75,78.04,0
MVFD,05-Jun-2020,52.15,54.27,52.15,54.08,0
MVFI,05-Jun-2020,85.83,86.2,85.79,86.05,0
MVOF,05-Jun-2020,37.78,37.78,36.51,36.61,0
MVOH,05-Jun-2020,43.32,43.33,42.69,42.75,0
MVTH,05-Jun-2020,35.72,35.72,34.7,34.75,0
MVTW,05-Jun-2020,71.45,72.3,71.45,72.11,0
MWFD,05-Jun-2020,54.39,55,54.39,54.63,0
MWFI,05-Jun-2020,61.5,61.68,60.64,61.05,0
MWOF,05-Jun-2020,26.56,26.56,25.89,25.89,0
MWOH,05-Jun-2020,28.66,28.66,27.78,27.78,0
MWTH,05-Jun-2020,27.19,27.19,26.46,26.46,0
MWTW,05-Jun-2020,66.73,67.82,66.73,67.29,0
MYDA,05-Jun-2020,5,5,5,5,18600
MYDB,05-Jun-2020,1,1,1,1,2800
MYDC,05-Jun-2020,91,91,91,91,193700
MYDE,05-Jun-2020,25,25,25,25,195000
MYDF,05-Jun-2020,2,2,2,2,6000
MYDG,05-Jun-2020,52,52,52,52,98200
MYDH,05-Jun-2020,164,164,164,164,365900
MYDI,05-Jun-2020,8,8,8,8,7200
MYDJ,05-Jun-2020,0.01,0.01,0.01,0.01,2800
MYDK,05-Jun-2020,9,9,9,9,7100
MYDL,05-Jun-2020,38,38,38,38,306800
MYDM,05-Jun-2020,1,1,1,1,3300
MYDN,05-Jun-2020,67,67,67,67,190700
MYDO,05-Jun-2020,7,7,7,7,10000
MYDP,05-Jun-2020,31,31,31,31,49800
MYDQ,05-Jun-2020,130,130,130,130,260800
MYDR,05-Jun-2020,0.01,0.01,0.01,0.01,3100
MYDS,05-Jun-2020,8,8,8,8,6100
MYDT,05-Jun-2020,0.01,0.01,0.01,0.01,2600
MYDU,05-Jun-2020,15,15,15,15,257300
MYDV,05-Jun-2020,187,187,187,187,415400
MYDW,05-Jun-2020,1,1,1,1,2600
MYDX,05-Jun-2020,202,202,202,202,470100
MYDY,05-Jun-2020,1,1,1,1,6300
MYDZ,05-Jun-2020,142,142,142,142,283500
MYHA,05-Jun-2020,5,5,5,5,18600
MYHB,05-Jun-2020,1,1,1,1,2800
MYHC,05-Jun-2020,92,92,92,92,193700
MYHE,05-Jun-2020,84,84,84,84,195000
MYHF,05-Jun-2020,2,2,2,2,6000
MYHG,05-Jun-2020,52,52,52,52,98200
MYHH,05-Jun-2020,165,165,165,165,365900
MYHI,05-Jun-2020,8,8,8,8,7200
MYHJ,05-Jun-2020,0.01,0.01,0.01,0.01,2800
MYHK,05-Jun-2020,9,9,9,9,7100
MYHL,05-Jun-2020,40,40,40,40,306800
MYHM,05-Jun-2020,1,1,1,1,3300
MYHN,05-Jun-2020,67,67,67,67,190700
MYHO,05-Jun-2020,7,7,7,7,10000
MYHP,05-Jun-2020,31,31,31,31,49800
MYHQ,05-Jun-2020,133,133,133,133,260800
MYHR,05-Jun-2020,0.01,0.01,0.01,0.01,3100
MYHS,05-Jun-2020,8,8,8,8,6100
MYHT,05-Jun-2020,0.01,0.01,0.01,0.01,2600
MYHU,05-Jun-2020,17,17,17,17,257300
MYHV,05-Jun-2020,188,188,188,188,415400
MYHW,05-Jun-2020,1,1,1,1,2600
MYHX,05-Jun-2020,205,205,205,205,470100
MYHY,05-Jun-2020,1,1,1,1,6300
MYHZ,05-Jun-2020,143,143,143,143,283500
MYLA,05-Jun-2020,0.01,0.01,0.01,0.01,18600
MYLB,05-Jun-2020,0.01,0.01,0.01,0.01,2800
MYLC,05-Jun-2020,1,1,1,1,193700
MYLE,05-Jun-2020,59,59,59,59,195000
MYLF,05-Jun-2020,0.01,0.01,0.01,0.01,6000
MYLG,05-Jun-2020,0.01,0.01,0.01,0.01,98200
MYLH,05-Jun-2020,1,1,1,1,365900
MYLI,05-Jun-2020,0.01,0.01,0.01,0.01,7200
MYLJ,05-Jun-2020,0.01,0.01,0.01,0.01,2800
MYLK,05-Jun-2020,0.01,0.01,0.01,0.01,7100
MYLL,05-Jun-2020,2,2,2,2,306800
MYLM,05-Jun-2020,0.01,0.01,0.01,0.01,3300
MYLN,05-Jun-2020,0.01,0.01,0.01,0.01,190700
MYLO,05-Jun-2020,0.01,0.01,0.01,0.01,10000
MYLP,05-Jun-2020,0.01,0.01,0.01,0.01,49800
MYLQ,05-Jun-2020,3,3,3,3,260800
MYLR,05-Jun-2020,0.01,0.01,0.01,0.01,3100
MYLS,05-Jun-2020,0.01,0.01,0.01,0.01,6100
MYLT,05-Jun-2020,0.01,0.01,0.01,0.01,2600
MYLU,05-Jun-2020,2,2,2,2,257300
MYLV,05-Jun-2020,1,1,1,1,415400
MYLW,05-Jun-2020,0.01,0.01,0.01,0.01,2600
MYLX,05-Jun-2020,3,3,3,3,470100
MYLY,05-Jun-2020,0.01,0.01,0.01,0.01,6300
MYLZ,05-Jun-2020,1,1,1,1,283500
N1DA,05-Jun-2020,487,487,487,487,59900
N1DB,05-Jun-2020,309,309,309,309,39300
N1DC,05-Jun-2020,50,50,50,50,10300
N1DD,05-Jun-2020,25,25,25,25,3000
N1DE,05-Jun-2020,51,51,51,51,6400
N1DF,05-Jun-2020,18,18,18,18,2000
N1DG,05-Jun-2020,9,9,9,9,1500
N1DH,05-Jun-2020,113,113,113,113,22700
N1DI,05-Jun-2020,27,27,27,27,6000
N1DJ,05-Jun-2020,22,22,22,22,22100
N1DK,05-Jun-2020,245,245,245,245,63600
N1DL,05-Jun-2020,42,42,42,42,34500
N1DM,05-Jun-2020,1,1,1,1,12200
N1DN,05-Jun-2020,288,288,288,288,110300
N1DO,05-Jun-2020,528,528,528,528,98300
N1DP,05-Jun-2020,269,269,269,269,46500
N1DU,05-Jun-2020,863,863,863,863,202600
N1HA,05-Jun-2020,489,489,489,489,59900
N1HB,05-Jun-2020,315,315,315,315,39300
N1HC,05-Jun-2020,54,54,54,54,10300
N1HD,05-Jun-2020,26,26,26,26,3000
N1HE,05-Jun-2020,52,52,52,52,6400
N1HF,05-Jun-2020,18,18,18,18,2000
N1HG,05-Jun-2020,9,9,9,9,1500
N1HH,05-Jun-2020,131,131,131,131,22700
N1HI,05-Jun-2020,33,33,33,33,6000
N1HJ,05-Jun-2020,32,32,32,32,22100
N1HK,05-Jun-2020,286,286,286,286,63600
N1HL,05-Jun-2020,59,59,59,59,34500
N1HM,05-Jun-2020,14,14,14,14,12200
N1HN,05-Jun-2020,359,359,359,359,110300
N1HO,05-Jun-2020,551,551,551,551,98300
N1HP,05-Jun-2020,327,327,327,327,46500
N1HU,05-Jun-2020,928,928,928,928,202600
N1LA,05-Jun-2020,2,2,2,2,59900
N1LB,05-Jun-2020,6,6,6,6,39300
N1LC,05-Jun-2020,4,4,4,4,10300
N1LD,05-Jun-2020,1,1,1,1,3000
N1LE,05-Jun-2020,1,1,1,1,6400
N1LF,05-Jun-2020,0.01,0.01,0.01,0.01,2000
N1LG,05-Jun-2020,0.01,0.01,0.01,0.01,1500
N1LH,05-Jun-2020,18,18,18,18,22700
N1LI,05-Jun-2020,6,6,6,6,6000
N1LJ,05-Jun-2020,10,10,10,10,22100
N1LK,05-Jun-2020,41,41,41,41,63600
N1LL,05-Jun-2020,17,17,17,17,34500
N1LM,05-Jun-2020,13,13,13,13,12200
N1LN,05-Jun-2020,71,71,71,71,110300
N1LO,05-Jun-2020,23,23,23,23,98300
N1LP,05-Jun-2020,58,58,58,58,46500
N1LU,05-Jun-2020,65,65,65,65,202600
N3DA,05-Jun-2020,237,237,237,237,59900
N3DB,05-Jun-2020,177,177,177,177,39300
N3DC,05-Jun-2020,48,48,48,48,10300
N3DD,05-Jun-2020,19,19,19,19,3000
N3DE,05-Jun-2020,33,33,33,33,6400
N3DF,05-Jun-2020,14,14,14,14,2000
N3DG,05-Jun-2020,0.01,0.01,0.01,0.01,1500
N3DH,05-Jun-2020,31,31,31,31,22700
N3DI,05-Jun-2020,9,9,9,9,6000
N3DJ,05-Jun-2020,16,16,16,16,22100
N3DK,05-Jun-2020,59,59,59,59,63600
N3DL,05-Jun-2020,34,34,34,34,34500
N3DM,05-Jun-2020,10,10,10,10,12200
N3DN,05-Jun-2020,103,103,103,103,110300
N3DO,05-Jun-2020,322,322,322,322,98300
N3DP,05-Jun-2020,140,140,140,140,46500
N3DU,05-Jun-2020,411,411,411,411,202600
N3HA,05-Jun-2020,237,237,237,237,59900
N3HB,05-Jun-2020,177,177,177,177,39300
N3HC,05-Jun-2020,48,48,48,48,10300
N3HD,05-Jun-2020,19,19,19,19,3000
N3HE,05-Jun-2020,33,33,33,33,6400
N3HF,05-Jun-2020,14,14,14,14,2000
N3HG,05-Jun-2020,0.01,0.01,0.01,0.01,1500
N3HH,05-Jun-2020,31,31,31,31,22700
N3HI,05-Jun-2020,9,9,9,9,6000
N3HJ,05-Jun-2020,16,16,16,16,22100
N3HK,05-Jun-2020,65,65,65,65,63600
N3HL,05-Jun-2020,35,35,35,35,34500
N3HM,05-Jun-2020,11,11,11,11,12200
N3HN,05-Jun-2020,111,111,111,111,110300
N3HO,05-Jun-2020,323,323,323,323,98300
N3HP,05-Jun-2020,152,152,152,152,46500
N3HU,05-Jun-2020,428,428,428,428,202600
N3LA,05-Jun-2020,0.01,0.01,0.01,0.01,59900
N3LB,05-Jun-2020,0.01,0.01,0.01,0.01,39300
N3LC,05-Jun-2020,0.01,0.01,0.01,0.01,10300
N3LD,05-Jun-2020,0.01,0.01,0.01,0.01,3000
N3LE,05-Jun-2020,0.01,0.01,0.01,0.01,6400
N3LF,05-Jun-2020,0.01,0.01,0.01,0.01,2000
N3LG,05-Jun-2020,0.01,0.01,0.01,0.01,1500
N3LH,05-Jun-2020,0.01,0.01,0.01,0.01,22700
N3LI,05-Jun-2020,0.01,0.01,0.01,0.01,6000
N3LJ,05-Jun-2020,0.01,0.01,0.01,0.01,22100
N3LK,05-Jun-2020,6,6,6,6,63600
N3LL,05-Jun-2020,1,1,1,1,34500
N3LM,05-Jun-2020,1,1,1,1,12200
N3LN,05-Jun-2020,8,8,8,8,110300
N3LO,05-Jun-2020,1,1,1,1,98300
N3LP,05-Jun-2020,12,12,12,12,46500
N3LU,05-Jun-2020,17,17,17,17,202600
N5DA,05-Jun-2020,532,532,532,532,59900
N5DB,05-Jun-2020,309,309,309,309,39300
N5DC,05-Jun-2020,34,34,34,34,10300
N5DD,05-Jun-2020,27,27,27,27,3000
N5DE,05-Jun-2020,52,52,52,52,6400
N5DF,05-Jun-2020,16,16,16,16,2000
N5DG,05-Jun-2020,10,10,10,10,1500
N5DH,05-Jun-2020,116,116,116,116,22700
N5DI,05-Jun-2020,29,29,29,29,6000
N5DJ,05-Jun-2020,-11,-11,-11,-11,22100
N5DK,05-Jun-2020,247,247,247,247,63600
N5DL,05-Jun-2020,-13,-13,-13,-13,34500
N5DM,05-Jun-2020,-6,-6,-6,-6,12200
N5DN,05-Jun-2020,228,228,228,228,110300
N5DO,05-Jun-2020,536,536,536,536,98300
N5DP,05-Jun-2020,265,265,265,265,46500
N5DU,05-Jun-2020,824,824,824,824,202600
N5HA,05-Jun-2020,545,545,545,545,59900
N5HB,05-Jun-2020,336,336,336,336,39300
N5HC,05-Jun-2020,59,59,59,59,10300
N5HD,05-Jun-2020,28,28,28,28,3000
N5HE,05-Jun-2020,55,55,55,55,6400
N5HF,05-Jun-2020,18,18,18,18,2000
N5HG,05-Jun-2020,10,10,10,10,1500
N5HH,05-Jun-2020,152,152,152,152,22700
N5HI,05-Jun-2020,38,38,38,38,6000
N5HJ,05-Jun-2020,60,60,60,60,22100
N5HK,05-Jun-2020,379,379,379,379,63600
N5HL,05-Jun-2020,95,95,95,95,34500
N5HM,05-Jun-2020,34,34,34,34,12200
N5HN,05-Jun-2020,508,508,508,508,110300
N5HO,05-Jun-2020,670,670,670,670,98300
N5HP,05-Jun-2020,349,349,349,349,46500
N5HU,05-Jun-2020,1128,1128,1128,1128,202600
N5LA,05-Jun-2020,13,13,13,13,59900
N5LB,05-Jun-2020,27,27,27,27,39300
N5LC,05-Jun-2020,25,25,25,25,10300
N5LD,05-Jun-2020,1,1,1,1,3000
N5LE,05-Jun-2020,3,3,3,3,6400
N5LF,05-Jun-2020,2,2,2,2,2000
N5LG,05-Jun-2020,0.01,0.01,0.01,0.01,1500
N5LH,05-Jun-2020,36,36,36,36,22700
N5LI,05-Jun-2020,9,9,9,9,6000
N5LJ,05-Jun-2020,71,71,71,71,22100
N5LK,05-Jun-2020,132,132,132,132,63600
N5LL,05-Jun-2020,108,108,108,108,34500
N5LM,05-Jun-2020,40,40,40,40,12200
N5LN,05-Jun-2020,280,280,280,280,110300
N5LO,05-Jun-2020,134,134,134,134,98300
N5LP,05-Jun-2020,84,84,84,84,46500
N5LU,05-Jun-2020,304,304,304,304,202600
N6DA,05-Jun-2020,43,43,43,43,59900
N6DB,05-Jun-2020,18,18,18,18,39300
N6DC,05-Jun-2020,14,14,14,14,10300
N6DD,05-Jun-2020,3,3,3,3,3000
N6DE,05-Jun-2020,4,4,4,4,6400
N6DF,05-Jun-2020,1,1,1,1,2000
N6DG,05-Jun-2020,0.01,0.01,0.01,0.01,1500
N6DH,05-Jun-2020,2,2,2,2,22700
N6DI,05-Jun-2020,0.01,0.01,0.01,0.01,6000
N6DJ,05-Jun-2020,7,7,7,7,22100
N6DK,05-Jun-2020,3,3,3,3,63600
N6DL,05-Jun-2020,17,17,17,17,34500
N6DM,05-Jun-2020,8,8,8,8,12200
N6DN,05-Jun-2020,28,28,28,28,110300
N6DO,05-Jun-2020,66,66,66,66,98300
N6DP,05-Jun-2020,3,3,3,3,46500
N6DU,05-Jun-2020,69,69,69,69,202600
N6HA,05-Jun-2020,43,43,43,43,59900
N6HB,05-Jun-2020,18,18,18,18,39300
N6HC,05-Jun-2020,14,14,14,14,10300
N6HD,05-Jun-2020,3,3,3,3,3000
N6HE,05-Jun-2020,4,4,4,4,6400
N6HF,05-Jun-2020,1,1,1,1,2000
N6HG,05-Jun-2020,0.01,0.01,0.01,0.01,1500
N6HH,05-Jun-2020,2,2,2,2,22700
N6HI,05-Jun-2020,0.01,0.01,0.01,0.01,6000
N6HJ,05-Jun-2020,7,7,7,7,22100
N6HK,05-Jun-2020,9,9,9,9,63600
N6HL,05-Jun-2020,17,17,17,17,34500
N6HM,05-Jun-2020,9,9,9,9,12200
N6HN,05-Jun-2020,35,35,35,35,110300
N6HO,05-Jun-2020,67,67,67,67,98300
N6HP,05-Jun-2020,11,11,11,11,46500
N6HU,05-Jun-2020,83,83,83,83,202600
N6LA,05-Jun-2020,0.01,0.01,0.01,0.01,59900
N6LB,05-Jun-2020,0.01,0.01,0.01,0.01,39300
N6LC,05-Jun-2020,0.01,0.01,0.01,0.01,10300
N6LD,05-Jun-2020,0.01,0.01,0.01,0.01,3000
N6LE,05-Jun-2020,0.01,0.01,0.01,0.01,6400
N6LF,05-Jun-2020,0.01,0.01,0.01,0.01,2000
N6LG,05-Jun-2020,0.01,0.01,0.01,0.01,1500
N6LH,05-Jun-2020,0.01,0.01,0.01,0.01,22700
N6LI,05-Jun-2020,0.01,0.01,0.01,0.01,6000
N6LJ,05-Jun-2020,0.01,0.01,0.01,0.01,22100
N6LK,05-Jun-2020,6,6,6,6,63600
N6LL,05-Jun-2020,0.01,0.01,0.01,0.01,34500
N6LM,05-Jun-2020,1,1,1,1,12200
N6LN,05-Jun-2020,7,7,7,7,110300
N6LO,05-Jun-2020,1,1,1,1,98300
N6LP,05-Jun-2020,8,8,8,8,46500
N6LU,05-Jun-2020,14,14,14,14,202600
NADA,05-Jun-2020,23,23,23,23,59900
NADB,05-Jun-2020,15,15,15,15,39300
NADC,05-Jun-2020,12,12,12,12,10300
NADD,05-Jun-2020,3,3,3,3,3000
NADE,05-Jun-2020,3,3,3,3,6400
NADF,05-Jun-2020,0.01,0.01,0.01,0.01,2000
NADG,05-Jun-2020,0.01,0.01,0.01,0.01,1500
NADH,05-Jun-2020,2,2,2,2,22700
NADI,05-Jun-2020,0.01,0.01,0.01,0.01,6000
NADJ,05-Jun-2020,7,7,7,7,22100
NADK,05-Jun-2020,2,2,2,2,63600
NADL,05-Jun-2020,14,14,14,14,34500
NADM,05-Jun-2020,2,2,2,2,12200
NADN,05-Jun-2020,18,18,18,18,110300
NADO,05-Jun-2020,46,46,46,46,98300
NADP,05-Jun-2020,4,4,4,4,46500
NADU,05-Jun-2020,48,48,48,48,202600
NAHA,05-Jun-2020,23,23,23,23,59900
NAHB,05-Jun-2020,15,15,15,15,39300
NAHC,05-Jun-2020,12,12,12,12,10300
NAHD,05-Jun-2020,3,3,3,3,3000
NAHE,05-Jun-2020,3,3,3,3,6400
NAHF,05-Jun-2020,0.01,0.01,0.01,0.01,2000
NAHG,05-Jun-2020,0.01,0.01,0.01,0.01,1500
NAHH,05-Jun-2020,2,2,2,2,22700
NAHI,05-Jun-2020,0.01,0.01,0.01,0.01,6000
NAHJ,05-Jun-2020,7,7,7,7,22100
NAHK,05-Jun-2020,6,6,6,6,63600
NAHL,05-Jun-2020,14,14,14,14,34500
NAHM,05-Jun-2020,3,3,3,3,12200
NAHN,05-Jun-2020,23,23,23,23,110300
NAHO,05-Jun-2020,46,46,46,46,98300
NAHP,05-Jun-2020,11,11,11,11,46500
NAHU,05-Jun-2020,57,57,57,57,202600
NALA,05-Jun-2020,0.01,0.01,0.01,0.01,59900
NALB,05-Jun-2020,0.01,0.01,0.01,0.01,39300
NALC,05-Jun-2020,0.01,0.01,0.01,0.01,10300
NALD,05-Jun-2020,0.01,0.01,0.01,0.01,3000
NALE,05-Jun-2020,0.01,0.01,0.01,0.01,6400
NALF,05-Jun-2020,0.01,0.01,0.01,0.01,2000
NALG,05-Jun-2020,0.01,0.01,0.01,0.01,1500
NALH,05-Jun-2020,0.01,0.01,0.01,0.01,22700
NALI,05-Jun-2020,0.01,0.01,0.01,0.01,6000
NALJ,05-Jun-2020,0.01,0.01,0.01,0.01,22100
NALK,05-Jun-2020,4,4,4,4,63600
NALL,05-Jun-2020,0.01,0.01,0.01,0.01,34500
NALM,05-Jun-2020,1,1,1,1,12200
NALN,05-Jun-2020,5,5,5,5,110300
NALO,05-Jun-2020,0.01,0.01,0.01,0.01,98300
NALP,05-Jun-2020,7,7,7,7,46500
NALU,05-Jun-2020,9,9,9,9,202600
NAST,05-Jun-2020,5069.8,5095.34,4917.23,4939.57,0
NBI,05-Jun-2020,4130.92,4174.25,4087.57,4128.09,0
NCFD,05-Jun-2020,79.09,81.11,74.84,76.26,0
NCFI,05-Jun-2020,93.23,94.04,93.03,93.43,0
NCOF,05-Jun-2020,77.07,80.1,76.16,76.16,0
NCOH,05-Jun-2020,59.79,61.31,58.98,59.29,0
NCTH,05-Jun-2020,56.46,58.68,56.06,56.56,0
NCTW,05-Jun-2020,85.45,86.16,83.13,84.14,0
NDFD,05-Jun-2020,61.16,79.61,61.16,76.69,0
NDFI,05-Jun-2020,95.14,97.08,93.2,95.14,0
NDOF,05-Jun-2020,93.2,95.14,92.23,93.2,0
NDOH,05-Jun-2020,84.46,87.37,83.49,86.4,0
NDTH,05-Jun-2020,82.52,86.4,82.52,83.49,0
NDTW,05-Jun-2020,85.43,88.34,85.43,87.37,0
NDXT,05-Jun-2020,5834.5,5964.61,5821.71,5915.47,0
NDXX,05-Jun-2020,3726.5,3765.41,3716.79,3750.33,0
NDY,05-Jun-2020,9673.92,9846.63,9659.45,9824.39,0
NQGM,05-Jun-2020,2762.42,2787.52,2734.8,2751.45,0
NQGS,05-Jun-2020,4590.76,4659.21,4583.05,4644.78,0
NSHD,05-Jun-2020,2,493,2,450,0
NSHF,05-Jun-2020,20,2380,20,2081,0
NSHR,05-Jun-2020,11,13.75,5.07,5.62,0
NSHU,05-Jun-2020,22,2656,22,2531,0
NVLD,05-Jun-2020,0.42,767.92,0.42,702.11,0
NVLF,05-Jun-2020,4.65,4500.27,4.65,4500.27,0
NVLR,05-Jun-2020,11.84,17.37,6.07,7.4,0
NVLU,05-Jun-2020,5.08,5202.39,5.08,5202.39,0
NXTQ,05-Jun-2020,603.65,610.89,600.68,606.69,0
NYA,05-Jun-2020,12640.98,12752.14,12600.7,12641.44,0
NYDA,05-Jun-2020,49,49,49,49,59900
NYDB,05-Jun-2020,19,19,19,19,39300
NYDC,05-Jun-2020,14,14,14,14,10300
NYDD,05-Jun-2020,3,3,3,3,3000
NYDE,05-Jun-2020,4,4,4,4,6400
NYDF,05-Jun-2020,1,1,1,1,2000
NYDG,05-Jun-2020,0.01,0.01,0.01,0.01,1500
NYDH,05-Jun-2020,2,2,2,2,22700
NYDI,05-Jun-2020,0.01,0.01,0.01,0.01,6000
NYDJ,05-Jun-2020,9,9,9,9,22100
NYDK,05-Jun-2020,3,3,3,3,63600
NYDL,05-Jun-2020,19,19,19,19,34500
NYDM,05-Jun-2020,9,9,9,9,12200
NYDN,05-Jun-2020,31,31,31,31,110300
NYDO,05-Jun-2020,70,70,70,70,98300
NYDP,05-Jun-2020,3,3,3,3,46500
NYDU,05-Jun-2020,81,81,81,81,202600
NYHA,05-Jun-2020,49,49,49,49,59900
NYHB,05-Jun-2020,19,19,19,19,39300
NYHC,05-Jun-2020,14,14,14,14,10300
NYHD,05-Jun-2020,3,3,3,3,3000
NYHE,05-Jun-2020,4,4,4,4,6400
NYHF,05-Jun-2020,1,1,1,1,2000
NYHG,05-Jun-2020,0.01,0.01,0.01,0.01,1500
NYHH,05-Jun-2020,2,2,2,2,22700
NYHI,05-Jun-2020,0.01,0.01,0.01,0.01,6000
NYHJ,05-Jun-2020,9,9,9,9,22100
NYHK,05-Jun-2020,9,9,9,9,63600
NYHL,05-Jun-2020,20,20,20,20,34500
NYHM,05-Jun-2020,10,10,10,10,12200
NYHN,05-Jun-2020,39,39,39,39,110300
NYHO,05-Jun-2020,71,71,71,71,98300
NYHP,05-Jun-2020,11,11,11,11,46500
NYHU,05-Jun-2020,96,96,96,96,202600
NYLA,05-Jun-2020,0.01,0.01,0.01,0.01,59900
NYLB,05-Jun-2020,0.01,0.01,0.01,0.01,39300
NYLC,05-Jun-2020,0.01,0.01,0.01,0.01,10300
NYLD,05-Jun-2020,0.01,0.01,0.01,0.01,3000
NYLE,05-Jun-2020,0.01,0.01,0.01,0.01,6400
NYLF,05-Jun-2020,0.01,0.01,0.01,0.01,2000
NYLG,05-Jun-2020,0.01,0.01,0.01,0.01,1500
NYLH,05-Jun-2020,0.01,0.01,0.01,0.01,22700
NYLI,05-Jun-2020,0.01,0.01,0.01,0.01,6000
NYLJ,05-Jun-2020,0.01,0.01,0.01,0.01,22100
NYLK,05-Jun-2020,6,6,6,6,63600
NYLL,05-Jun-2020,1,1,1,1,34500
NYLM,05-Jun-2020,1,1,1,1,12200
NYLN,05-Jun-2020,8,8,8,8,110300
NYLO,05-Jun-2020,1,1,1,1,98300
NYLP,05-Jun-2020,8,8,8,8,46500
NYLU,05-Jun-2020,15,15,15,15,202600
OEX,05-Jun-2020,1431.39,1453.48,1431.39,1448.33,1882822000
OFIN,05-Jun-2020,9364.4,9398.54,9248.06,9279.6,0
OILBR,05-Jun-2020,35.29,42.24,35.29,42.24,0
OILSW,05-Jun-2020,37.33,39.5,37.33,39.5,658704
ONE,05-Jun-2020,1431.39,1453.48,1431.39,1448.33,0
OSX,05-Jun-2020,40.12,41.48,39.91,41.29,0
OVX,05-Jun-2020,59.78,64.89,57.72,64.2,0
PLD,05-Jun-2020,1942.3,1995.1,1916.4,1952.6,1262
PLT,05-Jun-2020,865.6,872.5,818.7,830.4,10541
QSHD,05-Jun-2020,10,853,10,814,0
QSHF,05-Jun-2020,25,2160,25,1688,0
QSHR,05-Jun-2020,3.5,6.62,2.88,3.07,0
QSHU,05-Jun-2020,35,2620,35,2502,0
QVLD,05-Jun-2020,0.69,1269.13,0.69,1268.88,0
QVLF,05-Jun-2020,55.84,2524.78,55.84,2524.78,0
QVLR,05-Jun-2020,81.37,81.37,2.83,2.98,0
QVLU,05-Jun-2020,56.53,3793.66,56.53,3793.66,0
R1FD,05-Jun-2020,81.82,85.74,80.82,82.53,0
R1FI,05-Jun-2020,96.58,97.08,96.18,96.48,0
R1OF,05-Jun-2020,82.22,84.73,81.02,81.52,0
R1OH,05-Jun-2020,60.84,64.45,59.13,59.43,0
R1TH,05-Jun-2020,54.91,57.42,53.21,53.51,0
R1TW,05-Jun-2020,90.56,92.06,90.56,91.26,0
R2FD,05-Jun-2020,89.04,89.39,85.47,85.83,0
R2FI,05-Jun-2020,92.15,93.22,91.99,92.81,0
R2OF,05-Jun-2020,65.34,69.36,64.62,66.25,0
R2OH,05-Jun-2020,44.9,46.73,44.13,45.05,0
R2TH,05-Jun-2020,41.33,43.06,40.57,40.82,0
R2TW,05-Jun-2020,89.29,89.7,88.02,88.48,0
R3FD,05-Jun-2020,86.87,87.81,84.08,84.95,0
R3FI,05-Jun-2020,93.87,94.7,93.73,94.32,0
R3OF,05-Jun-2020,71.69,75.13,70.75,71.79,0
R3OH,05-Jun-2020,50.45,52.85,49.65,49.86,0
R3TH,05-Jun-2020,45.96,48.05,44.91,45.19,0
R3TW,05-Jun-2020,89.93,90.66,89.17,89.51,0
RTCM,05-Jun-2020,196.4,200.68,195.65,198.8,22074300
RTRE,05-Jun-2020,154.12,157.41,153.14,156.08,17116800
S1FD,05-Jun-2020,79.2,93.06,79.2,91.08,0
S1FI,05-Jun-2020,94.05,96.03,92.07,94.05,0
S1OF,05-Jun-2020,80.19,89.1,80.19,83.16,0
S1OH,05-Jun-2020,63.36,69.3,61.38,64.35,0
S1TH,05-Jun-2020,58.41,60.39,52.47,52.47,0
S1TR,05-Jun-2020,197.41,197.95,192.15,195.87,0
S1TW,05-Jun-2020,89.1,92.07,89.1,89.1,0
S2TR,05-Jun-2020,602.9,605.24,578.03,581.39,0
S3TR,05-Jun-2020,1132.82,1147.86,1120.79,1125.78,0
S4FD,05-Jun-2020,89.97,90.72,86.71,87.46,0
S4FI,05-Jun-2020,96.99,97.49,95.98,96.49,0
S4OF,05-Jun-2020,83.45,85.96,81.95,82.45,0
S4OH,05-Jun-2020,58.89,63.4,57.64,58.14,0
S4TH,05-Jun-2020,53.88,55.88,50.87,51.12,0
S4TR,05-Jun-2020,560.22,566.96,557.44,566.47,0
S4TW,05-Jun-2020,93.48,94.23,92.23,92.48,0
S5FD,05-Jun-2020,80.59,88.51,80.59,86.33,0
S5FI,05-Jun-2020,96.03,97.22,95.84,96.23,0
S5OF,05-Jun-2020,81.18,85.74,80.79,82.77,0
S5OH,05-Jun-2020,61.58,66.33,60.99,61.58,0
S5TH,05-Jun-2020,56.03,59.6,55.04,55.44,0
S5TR,05-Jun-2020,534.91,538.56,528.85,531.63,0
S5TW,05-Jun-2020,90.89,93.26,90.89,92.27,0
S6CD,05-Jun-2020,547.17,559.51,547.17,550.12,0
S6CS,05-Jun-2020,1824.28,1880.16,1824.28,1868.87,0
S6EP,05-Jun-2020,140.52,159.55,140.52,159.55,0
S6FD,05-Jun-2020,96,96.33,93.84,94,0
S6FI,05-Jun-2020,95.67,96.5,95.5,95.67,0
S6FP,05-Jun-2020,764.41,824.35,764.41,808.15,0
S6HC,05-Jun-2020,2957.17,3064.64,2957.17,3027.18,0
S6IP,05-Jun-2020,1012.57,1073.59,1012.57,1054.66,0
S6MP,05-Jun-2020,429.84,439.34,428.29,432.02,0
S6OF,05-Jun-2020,71.71,76.2,70.71,71.21,0
S6OH,05-Jun-2020,46.08,47.92,44.75,44.92,0
S6TH,05-Jun-2020,41.76,44.75,40.43,40.59,0
S6TP,05-Jun-2020,769.93,801.06,769.93,791.26,0
S6TR,05-Jun-2020,1681.27,1692.66,1651.07,1661.98,0
S6TW,05-Jun-2020,96.83,96.83,95.67,95.67,0
S6UP,05-Jun-2020,643.68,675.31,643.68,663.93,0
S7TR,05-Jun-2020,1077,1082.33,1068.82,1071.9,0
S8TR,05-Jun-2020,630.86,645.55,629.62,640.24,0
S9TR,05-Jun-2020,720.94,720.94,712.43,716.86,0
SAAB,05-Jun-2020,1759.43,1773.05,1748.56,1769.38,0
SACC,05-Jun-2020,3142.35,3177.85,3132.2,3176.43,0
SACN,05-Jun-2020,282.13,288.43,281.02,287.97,0
SAER,05-Jun-2020,59.28,59.92,59.22,59.63,0
SAIE,05-Jun-2020,165.51,168.86,165.14,168.44,0
SAIU,05-Jun-2020,144.05,146.51,143.97,146.51,0
SAJR,05-Jun-2020,139.92,141.09,139.08,141,0
SAJT,05-Jun-2020,101.33,102.18,100.72,102.11,0
SAPE,05-Jun-2020,3593.92,3675.59,3577.86,3667.8,0
SAPT,05-Jun-2020,97.75,98.4,97.43,98.12,0
SAPU,05-Jun-2020,3082.63,3159.06,3068.59,3150.22,0
SAQA,05-Jun-2020,4333.43,4442.03,4323.97,4400.97,0
SAQE,05-Jun-2020,3384.25,3477.34,3372.97,3443.83,0
SAUE,05-Jun-2020,133.14,134.56,133.02,133.94,0
SBAI,05-Jun-2020,78.29,83.31,78.29,81.53,0
SBER,05-Jun-2020,38.6,39.19,38.56,39.08,0
SBES,05-Jun-2020,1339.04,1361.1,1336.56,1358.02,0
SBFD,05-Jun-2020,92.85,96.42,92.85,92.85,0
SBFI,05-Jun-2020,96.42,96.42,96.42,96.42,0
SBIX,05-Jun-2020,297.73,298.89,285.45,287.11,431057400
SBNP,05-Jun-2020,2656.79,2771.1,2656.79,2712.82,0
SBOF,05-Jun-2020,100,100,96.42,96.42,0
SBOH,05-Jun-2020,75,82.14,71.42,71.42,0
SBSE,05-Jun-2020,2279.44,2340.48,2268.26,2330.53,0
SBSU,05-Jun-2020,1940.64,1986.86,1932.94,1980.72,0
SBTH,05-Jun-2020,67.85,71.42,57.14,57.14,0
SBTR,05-Jun-2020,42.75,43.4,42.71,43.27,0
SBTW,05-Jun-2020,96.42,96.42,92.85,96.42,0
SBUP,05-Jun-2020,5343.92,5433.6,5343.92,5422.23,0
SCBR,05-Jun-2020,47.57,48.79,47.56,48.62,0
SCII,05-Jun-2020,58.49,60.18,58.25,60.18,0
SCIR,05-Jun-2020,188.55,194.76,187.94,193.55,0
SCIS,05-Jun-2020,183.69,189.74,183.13,188.58,0
SCIT,05-Jun-2020,340.86,352.09,339.77,349.9,0
SCPC,05-Jun-2020,2484.47,2484.47,2469.88,2478.61,0
SCRC,05-Jun-2020,4048.47,4064.58,3999.21,4060.01,0
SCRE,05-Jun-2020,4763.33,4890.34,4729.56,4884.36,0
SCSC,05-Jun-2020,3496.13,3512.33,3484.92,3512.33,0
SCSE,05-Jun-2020,3532.54,3545.21,3516.65,3545.21,0
SCUT,05-Jun-2020,1349.07,1355.14,1342.55,1350.11,0
SCWI,05-Jun-2020,177.86,179.56,176.34,179.04,0
SCWP,05-Jun-2020,278.08,284.07,277.73,283.37,0
SDDE,05-Jun-2020,484.77,505.87,484.77,500.36,0
SDEW,05-Jun-2020,1428.14,1513.97,1428.14,1490.17,0
SDIP,05-Jun-2020,111.37,111.53,109.55,109.7,0
SDIS,05-Jun-2020,119.27,119.41,117.56,117.72,0
SDIT,05-Jun-2020,138.33,138.52,136.06,136.25,0
SDPI,05-Jun-2020,1496.64,1536.9,1493.46,1529.37,0
SDTI,05-Jun-2020,1853.64,1903.52,1849.71,1894,0
SDTR,05-Jun-2020,1374.89,1392.97,1372.71,1385.78,0
SDTS,05-Jun-2020,1018.69,1018.7,1014.23,1016.88,0
SDTT,05-Jun-2020,1248.85,1248.86,1243.38,1246.62,0
SEAN,05-Jun-2020,731.08,739.26,718.6,738.07,0
SEBI,05-Jun-2020,1922.44,1968.1,1916.67,1958.55,0
SECA,05-Jun-2020,185.07,189.79,184.63,189.6,0
SECB,05-Jun-2020,158.83,162.89,158.45,162.72,0
SECC,05-Jun-2020,287.03,294.41,286.42,294.14,0
SEFD,05-Jun-2020,100,100,96.15,100,0
SEFI,05-Jun-2020,100,100,100,100,0
SEIB,05-Jun-2020,2305.12,2366.22,2299.68,2353.08,0
SEIE,05-Jun-2020,257.55,266.09,256.8,264.16,0
SEIT,05-Jun-2020,152.89,158.99,152.02,157.36,0
SEIU,05-Jun-2020,248.03,255.41,247.71,253.83,0
SEMT,05-Jun-2020,1383.52,1411.07,1371.95,1406.29,0
SEOF,05-Jun-2020,65.38,73.07,61.53,69.23,0
SEOH,05-Jun-2020,19.23,26.92,15.38,19.23,0
SETH,05-Jun-2020,15.38,15.38,7.69,15.38,0
SETW,05-Jun-2020,100,100,100,100,0
SFFD,05-Jun-2020,92.42,96.96,92.42,96.96,0
SFFI,05-Jun-2020,96.96,100,96.96,98.48,0
SFOF,05-Jun-2020,84.84,90.9,83.33,87.87,0
SFOH,05-Jun-2020,46.96,51.51,42.42,45.45,0
SFTH,05-Jun-2020,34.84,37.87,33.33,33.33,0
SFTR,05-Jun-2020,1720.35,1743.09,1712.94,1727.05,0
SFTW,05-Jun-2020,95.45,96.96,95.45,96.96,0
SG0A,05-Jun-2020,237.94,239.27,236.8,237.69,0
SG0B,05-Jun-2020,52.29,52.58,52.03,52.21,0
SG0C,05-Jun-2020,571.88,575.14,569.09,571.01,0
SG0D,05-Jun-2020,27.96,28.12,27.87,28,0
SG0E,05-Jun-2020,305.79,307.54,304.85,306.23,0
SG0F,05-Jun-2020,345.6,346.91,339.14,340.7,0
SG0G,05-Jun-2020,295.62,296.74,290.1,291.43,0
SG0H,05-Jun-2020,3233.37,3245.45,3172.96,3187.57,0
SG0I,05-Jun-2020,216.11,228.88,214.28,228.22,0
SG1A,05-Jun-2020,331.45,350.95,328.64,350.08,0
SG1B,05-Jun-2020,338.27,340.82,331.19,332.24,0
SG1C,05-Jun-2020,7.63,7.69,7.47,7.49,0
SG1D,05-Jun-2020,83.55,84.2,81.78,82.02,0
SG1E,05-Jun-2020,98.99,100.55,98.33,100.31,0
SG1F,05-Jun-2020,20.05,20.37,19.92,20.32,0
SG1G,05-Jun-2020,42.82,43.5,42.53,43.39,0
SG1H,05-Jun-2020,137.14,140,136.75,138.75,0
SG1I,05-Jun-2020,55.51,56.67,55.35,56.15,0
SG1J,05-Jun-2020,116.44,123.36,115.45,122.98,0
SG2A,05-Jun-2020,340.64,361.56,338.38,360.2,0
SG2B,05-Jun-2020,219.4,233.06,217.91,232.07,0
SG2C,05-Jun-2020,322.63,342.47,320.45,341.26,0
SG2D,05-Jun-2020,93.95,95.05,93.95,94.07,0
SG2E,05-Jun-2020,8.16,8.26,8.16,8.17,0
SG2F,05-Jun-2020,29.44,29.8,29.44,29.46,0
SG2G,05-Jun-2020,75.82,77.06,74.98,76.43,0
SG2H,05-Jun-2020,6.07,6.17,6,6.12,0
SG2I,05-Jun-2020,30.88,31.38,30.53,31.12,0
SG2J,05-Jun-2020,67.98,69.38,67.74,68.77,0
SG3A,05-Jun-2020,472.08,486.18,469.9,485.55,0
SG3B,05-Jun-2020,3407.05,3508.87,3391.31,3504.27,0
SG3C,05-Jun-2020,272.32,275.21,271.7,274.17,0
SG3D,05-Jun-2020,4.94,5,4.93,4.98,0
SG3E,05-Jun-2020,54.16,54.73,54.04,54.53,0
SG3F,05-Jun-2020,85.25,88.32,84.93,87.68,0
SG3G,05-Jun-2020,33.38,34.68,33.25,34.38,0
SG3H,05-Jun-2020,240.91,250.23,239.91,248.1,0
SG3I,05-Jun-2020,206.73,218.62,204.7,218.12,0
SG3J,05-Jun-2020,391.48,403.17,389.67,402.64,0
SG4A,05-Jun-2020,165.67,175.2,164.05,174.81,0
SG4B,05-Jun-2020,221.84,231.15,220.87,230.79,0
SG4C,05-Jun-2020,52.92,55.16,52.68,55.06,0
SG4D,05-Jun-2020,95.78,99.86,95.4,99.7,0
SG4E,05-Jun-2020,56.24,59.58,55.98,59.37,0
SG4F,05-Jun-2020,221.45,234.46,220.42,233.78,0
SG4G,05-Jun-2020,159.15,160.07,157.53,158.5,0
SG4H,05-Jun-2020,93.44,93.98,92.49,93.06,0
SG4I,05-Jun-2020,119.2,119.87,117.99,118.72,0
SG4J,05-Jun-2020,58.2,61.55,57.63,61.41,0
SG5A,05-Jun-2020,174.96,191.89,174.96,190.91,0
SG5B,05-Jun-2020,257.28,282.18,257.28,280.74,0
SG5C,05-Jun-2020,1005.7,1005.7,973.39,979.85,0
SG5D,05-Jun-2020,131.03,131.03,126.82,127.66,0
SG5E,05-Jun-2020,892.57,896.25,867.4,873.22,0
SG5F,05-Jun-2020,315.22,316.83,312.97,313.96,0
SG5G,05-Jun-2020,17.77,17.86,17.64,17.69,0
SG5H,05-Jun-2020,194.4,195.41,192.99,193.56,0
SG5I,05-Jun-2020,131.24,140.63,130.85,140.43,0
SG5J,05-Jun-2020,291.69,319.44,291.69,317.95,0
SG6A,05-Jun-2020,423.9,454.68,422.72,454.09,0
SG6B,05-Jun-2020,148.11,151.17,147.44,151.07,0
SG6C,05-Jun-2020,1069.03,1091.13,1064.21,1090.4,0
SG6D,05-Jun-2020,145.4,146.55,141.55,142.08,0
SG6E,05-Jun-2020,12.82,12.92,12.48,12.52,0
SG6F,05-Jun-2020,18.85,19,18.35,18.41,0
SG6G,05-Jun-2020,260.28,265.98,259.08,265.36,0
SG6H,05-Jun-2020,155.4,158.8,154.68,158.42,0
SG6I,05-Jun-2020,281.4,287.57,280.1,286.88,0
SG6J,05-Jun-2020,107.67,115.49,107.37,115.34,0
SG7A,05-Jun-2020,7.57,7.78,7.54,7.62,0
SG7B,05-Jun-2020,57.48,59.15,57.29,57.86,0
SG7C,05-Jun-2020,317.56,321.79,316.98,321.29,0
SG7D,05-Jun-2020,142.59,144.55,142.39,144.31,0
SG7E,05-Jun-2020,1558.98,1580.48,1556.88,1577.79,0
SG7F,05-Jun-2020,334.21,335.23,326.79,328.24,0
SG7G,05-Jun-2020,275.24,276.08,269.12,270.32,0
SG7H,05-Jun-2020,3010.45,3019.67,2943.58,2956.65,0
SG7I,05-Jun-2020,118.22,119.27,116.8,117.17,0
SG7J,05-Jun-2020,79.21,81.59,78.98,80.08,0
SG8A,05-Jun-2020,86.19,88.04,84.22,84.4,0
SG8B,05-Jun-2020,4.62,4.72,4.51,4.52,0
SG8C,05-Jun-2020,8.75,8.94,8.54,8.56,0
SG8D,05-Jun-2020,204.6,208.4,204.15,208.05,0
SG8E,05-Jun-2020,164.11,167.17,163.75,166.88,0
SG8F,05-Jun-2020,320.16,326.12,319.46,325.56,0
SG8G,05-Jun-2020,134.95,135.57,134.61,135.03,0
SG8H,05-Jun-2020,306.62,307.85,305.69,306.71,0
SG8I,05-Jun-2020,1475.52,1482.35,1471.82,1476.41,0
SG8J,05-Jun-2020,1292.63,1304.18,1277.2,1281.26,0
SG9A,05-Jun-2020,35.3,36.5,35.2,36.44,0
SG9B,05-Jun-2020,60.44,62.49,60.27,62.39,0
SG9C,05-Jun-2020,322.72,332.9,321.78,332.4,0
SG9D,05-Jun-2020,232.57,239.99,231.95,239.61,0
SG9E,05-Jun-2020,2521.61,2602.05,2514.92,2597.98,0
SG9F,05-Jun-2020,128.71,133.29,128.35,132.98,0
SG9G,05-Jun-2020,46.71,48.37,46.58,48.26,0
SG9H,05-Jun-2020,407.81,422.28,406.66,421.34,0
SG9I,05-Jun-2020,137.29,145.41,136.27,145.12,0
SG9J,05-Jun-2020,153.29,158.44,152.81,158.16,0
SGAA,05-Jun-2020,1346.1,1369.33,1344.55,1360.69,0
SGAB,05-Jun-2020,1416.44,1444.92,1413.12,1435.01,0
SGAC,05-Jun-2020,3988.77,4108.81,3980.11,4077.58,0
SGAD,05-Jun-2020,4200.72,4337.96,4186.51,4300.32,0
SGCC,05-Jun-2020,183.09,188.75,182.57,188.32,0
SGCR,05-Jun-2020,127.65,128.24,127.04,127.69,0
SGDO,05-Jun-2020,139.36,143.29,139.29,142.53,0
SGIA,05-Jun-2020,142.84,150.89,142.84,150.42,0
SGIB,05-Jun-2020,1088.03,1115.61,1088.03,1112.38,0
SGID,05-Jun-2020,1106.96,1127.68,1093,1124.44,0
SGIF,05-Jun-2020,216.92,225.03,216.92,223.07,0
SGIR,05-Jun-2020,117.74,118.3,117.19,117.99,0
SGJ,05-Jun-2020,126.42,133.87,125.84,133.43,0
SGK,05-Jun-2020,268.73,270.24,267.92,269.17,0
SGLN,05-Jun-2020,304.42,311.95,303.56,310.12,0
SGMA,05-Jun-2020,187.38,188.26,186.5,187.78,0
SGME,05-Jun-2020,1483.09,1532.95,1479.31,1532.68,0
SGMU,05-Jun-2020,1143.64,1178.69,1143.64,1178.69,0
SGON,05-Jun-2020,409.2,420.51,408.78,418.3,0
SGP,05-Jun-2020,2217.82,2217.82,2145.7,2159.7,0
SGPA,05-Jun-2020,211.39,212.38,210.4,211.49,0
SGPG,05-Jun-2020,127.79,128.68,127.61,128.28,0
SGPP,05-Jun-2020,42.22,43.53,42.1,43.43,0
SGPR,05-Jun-2020,39.52,39.79,39.46,39.66,0
SGPT,05-Jun-2020,76.5,78.88,76.3,78.71,0
SGQA,05-Jun-2020,475.64,503.95,472.08,502.88,0
SGQB,05-Jun-2020,137.3,145.79,136.64,145.52,0
SGQC,05-Jun-2020,130.48,138.6,129.85,138.33,0
SGQD,05-Jun-2020,513.7,545.66,511.19,544.6,0
SGQE,05-Jun-2020,210.85,211.65,204.73,206.09,0
SGQF,05-Jun-2020,1981.02,1988.5,1923.53,1936.3,0
SGQG,05-Jun-2020,319.57,326.35,318.84,325.74,0
SGQH,05-Jun-2020,145.89,149.03,145.61,148.74,0
SGQI,05-Jun-2020,1595.03,1629.38,1591.97,1626.26,0
SGQJ,05-Jun-2020,120.81,128.01,119.91,127.73,0
SGRC,05-Jun-2020,115.55,116.19,115.03,115.87,0
SGRE,05-Jun-2020,87.59,88.06,87.2,87.82,0
SGRG,05-Jun-2020,21.86,22.01,21.82,21.93,0
SGRM,05-Jun-2020,142.51,148.21,142.41,146.98,0
SGRT,05-Jun-2020,66.23,66.96,66.16,66.62,0
SGSA,05-Jun-2020,883.3,883.3,850.43,855.31,0
SGSB,05-Jun-2020,63.38,63.38,60.98,61.34,0
SGSC,05-Jun-2020,595.75,595.75,573.12,576.56,0
SGSD,05-Jun-2020,345.23,347.21,344.35,345.44,0
SGSE,05-Jun-2020,147.85,152.45,147.42,152.07,0
SGSF,05-Jun-2020,295.28,296.98,294.43,295.28,0
SGSG,05-Jun-2020,3230.87,3249.49,3221.56,3230.87,0
SGSH,05-Jun-2020,123.62,126.98,123.62,126.67,0
SGSJ,05-Jun-2020,7.88,8.09,7.88,8.07,0
SGSK,05-Jun-2020,74.07,76.09,74.07,75.9,0
SGSM,05-Jun-2020,139.55,140.8,139.4,140.52,0
SGSN,05-Jun-2020,1525.8,1539.55,1524.18,1536.48,0
SGSO,05-Jun-2020,244.6,258.95,243.2,258.31,0
SGSP,05-Jun-2020,576.43,610.55,573.17,608.84,0
SGSQ,05-Jun-2020,1545.92,1637.27,1537.17,1632.83,0
SGSR,05-Jun-2020,355.89,358.57,348.9,350.29,0
SGSS,05-Jun-2020,6.71,6.76,6.58,6.6,0
SGST,05-Jun-2020,73.5,74.06,72.03,72.31,0
SGSU,05-Jun-2020,159.85,162.02,158.12,161.18,0
SGSV,05-Jun-2020,50.47,51.16,49.93,50.88,0
SGSW,05-Jun-2020,107.76,109.22,106.59,108.64,0
SGSX,05-Jun-2020,313,315.62,312.5,315.09,0
SGT,05-Jun-2020,1616.05,1666.25,1611.82,1662.64,0
SGTR,05-Jun-2020,230.47,231.84,229.66,230.84,0
SGV,05-Jun-2020,227.46,229.43,224.78,225.73,0
SGWT,05-Jun-2020,124.4,127.76,124.23,127.64,0
SGX,05-Jun-2020,315.42,325.21,314.52,324.55,0
SGY,05-Jun-2020,287.29,293.22,285.99,293.03,0
SHTR,05-Jun-2020,1637.17,1683.99,1636.51,1673.88,0
SIDO,05-Jun-2020,1921.24,1951.16,1919,1947.43,0
SIFD,05-Jun-2020,95.83,98.61,95.83,97.22,0
SIFI,05-Jun-2020,100,100,100,100,0
SIIP,05-Jun-2020,98.14,98.21,97.54,97.75,0
SIIS,05-Jun-2020,103.8,103.88,103.13,103.33,0
SIIT,05-Jun-2020,121.89,121.99,121.15,121.41,0
SIOF,05-Jun-2020,90.27,90.27,83.33,84.72,0
SIOH,05-Jun-2020,76.38,80.55,76.38,76.38,0
SIPR,05-Jun-2020,1083.65,1105.24,1074.58,1101.49,0
SIRP,05-Jun-2020,115.56,118.32,115.37,117.81,0
SITH,05-Jun-2020,73.61,73.61,69.44,69.44,0
SITR,05-Jun-2020,599.55,599.55,586.87,593.85,0
SITW,05-Jun-2020,100,100,98.61,98.61,0
SIUT,05-Jun-2020,12.06,12.06,11.3,11.43,0
SJPA,05-Jun-2020,1468.7,1480.46,1464.72,1480.46,0
SJPB,05-Jun-2020,1675.72,1678.26,1666.56,1678.26,0
SJPC,05-Jun-2020,2751.85,2766.44,2741.32,2765.88,0
SJPD,05-Jun-2020,1327.55,1340.23,1324.48,1340.23,0
SJRI,05-Jun-2020,2517.59,2538.64,2511.69,2538.27,0
SJTR,05-Jun-2020,1917.17,1952.99,1913.31,1929.07,0
SKFD,05-Jun-2020,74.64,87.32,74.64,83.09,0
SKFI,05-Jun-2020,98.59,98.59,95.77,97.18,0
SKOF,05-Jun-2020,90.14,91.54,90.14,91.54,0
SKOH,05-Jun-2020,84.5,87.32,83.09,83.09,0
SKTH,05-Jun-2020,80.28,85.91,77.46,83.09,0
SKTR,05-Jun-2020,661.64,663.42,656.82,658.8,0
SKTW,05-Jun-2020,87.32,91.54,87.32,90.14,0
SLAC,05-Jun-2020,4196.66,4457.18,4196.66,4389.95,0
SLCN,05-Jun-2020,280.95,289.92,280.95,288.2,0
SLCT,05-Jun-2020,390,402.45,390,400.06,0
SLCU,05-Jun-2020,353.46,364.74,353.46,362.57,0
SLEE,05-Jun-2020,96.62,98.3,96.45,97.98,0
SLER,05-Jun-2020,44.15,44.93,44.09,44.78,0
SLEW,05-Jun-2020,986.48,1064.65,986.48,1055.66,0
SLFD,05-Jun-2020,69.23,80.76,69.23,80.76,0
SLFI,05-Jun-2020,92.3,100,92.3,100,0
SLOF,05-Jun-2020,80.76,88.46,80.76,84.61,0
SLOH,05-Jun-2020,57.69,65.38,53.84,53.84,0
SLPE,05-Jun-2020,1030.02,1071,1027.89,1060.32,0
SLPX,05-Jun-2020,161.82,169.57,161.82,167.39,0
SLRT,05-Jun-2020,49.36,50.21,49.27,50.04,0
SLTH,05-Jun-2020,53.84,53.84,50,50,0
SLTW,05-Jun-2020,84.61,88.46,84.61,84.61,0
SLUN,05-Jun-2020,8277.47,8805.21,8277.47,8711.57,0
SLUT,05-Jun-2020,13583.05,13674.59,13230.39,13613.33,0
SLV,05-Jun-2020,18.02,18.05,17.375,17.479,56561
SML,05-Jun-2020,889.04,911.53,889.04,899.33,1598958000
SMPR,05-Jun-2020,1085.82,1105.19,1077.65,1102.5,0
SMRW,05-Jun-2020,6159.09,6481.94,6159.09,6384.01,0
SMSS,05-Jun-2020,7556.64,7945.66,7556.64,7863.52,0
SMTI,05-Jun-2020,1377.26,1401.89,1366.97,1398.48,0
SMTR,05-Jun-2020,212.56,213.86,211.87,213.32,0
SNAC,05-Jun-2020,307.3,311.25,305.66,311.02,0
SNCH,05-Jun-2020,126,128.97,125.11,128.65,0
SNCT,05-Jun-2020,166.91,170.64,165.54,170.22,0
SNER,05-Jun-2020,60.08,60.55,59.96,60.25,0
SNNE,05-Jun-2020,3326.59,3424.85,3319.53,3394.18,0
SNNT,05-Jun-2020,4257.11,4370.54,4254,4337.72,0
SNRE,05-Jun-2020,1869.24,1937.99,1864.83,1935.01,0
SNRT,05-Jun-2020,67.17,67.65,67,67.32,0
SNRU,05-Jun-2020,2103.25,2176.84,2101.08,2175.03,0
SNTE,05-Jun-2020,177,181.42,175.57,180.95,0
SNUI,05-Jun-2020,113.87,114.69,113.58,114.16,0
SOBC,05-Jun-2020,32.52,33.72,32.33,33.68,0
SOCC,05-Jun-2020,36.91,38.05,36.67,38.05,0
SP500,05-Jun-2020,3163.84,3211.72,3163.84,3193.93,4795459000
SPAA,05-Jun-2020,67.93,68.53,67.55,68.2,0
SPAB,05-Jun-2020,94.62,95.79,94.56,95.5,0
SPAC,05-Jun-2020,52.68,53.08,52.32,52.83,0
SPAD,05-Jun-2020,1226.27,1272,1222.19,1245.28,0
SPEE,05-Jun-2020,148.33,154.86,147.9,152.77,0
SPER,05-Jun-2020,1310.26,1359.12,1305.9,1330.56,0
SPEY,05-Jun-2020,140.9,146.62,140.84,144.86,0
SPFD,05-Jun-2020,45.45,66.66,45.45,63.63,0
SPFI,05-Jun-2020,84.84,90.9,84.84,87.87,0
SPIN,05-Jun-2020,230.09,232.06,217.9,221.03,0
SPIR,05-Jun-2020,178.55,180.06,169.02,171.41,0
SPLR,05-Jun-2020,643.78,649.21,609.39,618.03,0
SPOF,05-Jun-2020,57.57,66.66,57.57,66.66,0
SPOH,05-Jun-2020,54.54,57.57,54.54,54.54,0
SPPR,05-Jun-2020,683.96,699.91,683.78,699.91,0
SPRL,05-Jun-2020,123.44,126.43,123.44,126.28,0
SPRT,05-Jun-2020,2368.23,2456.54,2360.34,2404.93,0
SPTH,05-Jun-2020,51.51,60.6,51.51,57.57,0
SPTW,05-Jun-2020,66.66,78.78,66.66,75.75,0
SPUS,05-Jun-2020,181.18,184.74,180.83,184.45,0
SPX,05-Jun-2020,3163.84,3211.72,3163.84,3193.93,0
SPXT,05-Jun-2020,6475.01,6572.61,6475.01,6536.58,0
SQTR,05-Jun-2020,2990.2,3066.14,2984.06,3061.75,0
SRFF,05-Jun-2020,107.5,107.5,107.5,107.5,0
SRFI,05-Jun-2020,418.46,443.8,418.46,434.64,647594900
SRIC,05-Jun-2020,4155.47,4259.16,4142.25,4244.33,0
SRIE,05-Jun-2020,4563.82,4691.32,4544.35,4669.03,0
SRMP,05-Jun-2020,1918.32,2015.97,1918.32,1993.79,0
SRPR,05-Jun-2020,162.94,170.58,162.87,168.63,0
SRTR,05-Jun-2020,485.08,487.94,480.31,484.82,0
SRWI,05-Jun-2020,7931.48,8230.34,7931.48,8158.04,0
SS1E,05-Jun-2020,2799.63,2915.7,2799.63,2877.84,0
SS1J,05-Jun-2020,1107.45,1232.37,1107.45,1217.3,0
SS2E,05-Jun-2020,3344.12,3543.73,3344.12,3482.09,0
SS2J,05-Jun-2020,3924.44,4149.17,3924.44,4069.02,0
SS3E,05-Jun-2020,13924.21,14320.36,13924.21,14206.59,0
SS3J,05-Jun-2020,4858.54,4951.13,4858.54,4934.77,0
SS4E,05-Jun-2020,12158.44,12623.06,12158.44,12554.06,0
SS4J,05-Jun-2020,3565.99,3816.05,3565.99,3703.23,0
SS5E,05-Jun-2020,1525.19,1579.77,1525.19,1550.39,0
SS5J,05-Jun-2020,1038.86,1075.94,1038.86,1062.93,0
SSAE,05-Jun-2020,403.34,407.32,396.63,406.05,0
SSAI,05-Jun-2020,661.67,668.19,650.66,666.11,0
SSAU,05-Jun-2020,445.58,450.64,438.04,449.91,0
SSAX,05-Jun-2020,4844.46,4910.8,4828.95,4904.92,0
SSBE,05-Jun-2020,2996.62,3080.34,2983.83,3065.7,0
SSBR,05-Jun-2020,2729.5,2797.6,2720.59,2787.86,0
SSCA,05-Jun-2020,292.9,296.08,291.84,295.72,0
SSCB,05-Jun-2020,203.16,205.81,202.98,205.62,0
SSCE,05-Jun-2020,280.56,284.88,280.04,284.79,0
SSCH,05-Jun-2020,590.5,596.51,587.29,596.01,0
SSCK,05-Jun-2020,258.33,262.58,257.63,261.85,0
SSCL,05-Jun-2020,205.67,218.15,205.57,214.07,0
SSCM,05-Jun-2020,10430.97,10763.23,10430.97,10700.16,0
SSCP,05-Jun-2020,190.7,192.5,189.9,191.87,0
SSCQ,05-Jun-2020,422.87,433.07,422.77,431.89,0
SSCS,05-Jun-2020,333.57,337.27,332.7,337,0
SSCU,05-Jun-2020,360.08,368.08,359.71,368.02,0
SSCW,05-Jun-2020,288.24,292.94,287.69,292.84,0
SSDI,05-Jun-2020,12.1,12.14,12.1,12.14,0
SSEN,05-Jun-2020,229.46,238.83,228.31,237.05,0
SSER,05-Jun-2020,251.71,251.71,249.67,250.79,0
SSEW,05-Jun-2020,271.82,278.88,271.57,278.63,0
SSFB,05-Jun-2020,27.62,27.91,27.62,27.82,0
SSFD,05-Jun-2020,80.64,90.32,80.64,90.32,0
SSFI,05-Jun-2020,93.54,100,93.54,96.77,0
SSGC,05-Jun-2020,235.34,239.54,234.84,239.36,0
SSGD,05-Jun-2020,3717.35,3804.54,702.97,3794.55,0
SSGE,05-Jun-2020,1410.31,1508.7,1409.13,1500.42,0
SSGF,05-Jun-2020,1185.89,1244.1,1185.57,1228.22,0
SSGG,05-Jun-2020,213.47,219.71,212.97,216.23,0
SSGH,05-Jun-2020,3899.43,3961.37,3891.47,3940.73,0
SSGI,05-Jun-2020,5742.92,5896.11,5740.29,5884.66,0
SSGL,05-Jun-2020,2461.87,2527.88,2459.86,2517.24,0
SSGM,05-Jun-2020,2594.44,2645.38,2591.8,2638.19,0
SSGN,05-Jun-2020,2589.04,2689.15,2586.63,2661.41,0
SSGO,05-Jun-2020,217.54,228.57,215.86,227.33,0
SSGP,05-Jun-2020,163.28,166.27,162.93,166.13,0
SSGR,05-Jun-2020,294.95,300.43,294.42,300.2,0
SSGS,05-Jun-2020,2948.97,2982.33,2942.55,2971.94,0
SSGT,05-Jun-2020,1259.73,1281.32,1257.11,1276.72,0
SSGU,05-Jun-2020,1693.64,1729.95,1690.86,1708.46,0
SSGX,05-Jun-2020,216.8,227.78,215.11,226.55,0
SSGZ,05-Jun-2020,391.87,411.52,388.83,409.49,0
SSHE,05-Jun-2020,1648.72,1677.14,1648.72,1675.97,0
SSHJ,05-Jun-2020,1783.39,1787.43,1771.59,1787.43,0
SSHX,05-Jun-2020,2945.67,3030.34,2945.67,3020.79,0
SSIA,05-Jun-2020,76.37,78.11,76.28,77.93,0
SSIB,05-Jun-2020,23.66,24.22,23.63,24.15,0
SSIC,05-Jun-2020,42.78,43.79,42.72,43.66,0
SSIP,05-Jun-2020,109.85,109.96,108.67,108.83,0
SSIS,05-Jun-2020,116.2,116.31,115.04,115.2,0
SSIT,05-Jun-2020,136.44,136.58,134.98,135.17,0
SSLF,05-Jun-2020,942.46,950.04,940.32,947.36,0
SSLS,05-Jun-2020,247.05,247.06,245.13,246.18,0
SSNI,05-Jun-2020,243.98,248.06,243.49,244.82,0
SSOF,05-Jun-2020,64.51,83.87,64.51,74.19,0
SSOH,05-Jun-2020,35.48,41.93,35.48,35.48,0
SSPA,05-Jun-2020,1369.74,1416.1,1369.74,1404.08,0
SSPE,05-Jun-2020,1457.94,1501.29,1457.94,1500.91,0
SSPF,05-Jun-2020,567.04,597.73,567.04,597.57,0
SSPI,05-Jun-2020,2188.95,2250.03,2188.95,2247.32,0
SSPL,05-Jun-2020,1085.97,1117.03,1085.97,1114.54,0
SSPN,05-Jun-2020,7142.49,7250.79,7142.49,7207.07,0
SSPT,05-Jun-2020,843.3,860.54,843.14,859.23,0
SSPU,05-Jun-2020,1486.62,1538.91,1486.62,1538.08,0
SSRF,05-Jun-2020,744.17,750.76,744.17,748.32,0
SSRW,05-Jun-2020,6447.02,6787.58,6447.02,6717.64,0
SSTH,05-Jun-2020,29.03,35.48,29.03,29.03,0
SSTU,05-Jun-2020,445.51,461.45,445.51,452.87,0
SSTW,05-Jun-2020,96.77,100,90.32,100,0
SSUC,05-Jun-2020,240.11,245.97,239.51,245.37,0
SSUP,05-Jun-2020,44.08,45.2,43.98,45.09,0
SSUT,05-Jun-2020,79.69,81.72,79.51,81.52,0
SSWP,05-Jun-2020,68.83,70.67,68.76,70.6,0
STCE,05-Jun-2020,828.14,852.89,827.07,845.08,0
STCL,05-Jun-2020,786.95,807.97,786.9,801.31,0
STFE,05-Jun-2020,1538.15,1573.38,1530.54,1563.43,0
STFU,05-Jun-2020,1458.96,1492.08,1453.37,1482.45,0
STIC,05-Jun-2020,1074.71,1075.88,1068.95,1074.53,0
STIF,05-Jun-2020,1846.97,1902.76,1844.38,1885.85,0
STIL,05-Jun-2020,624.5,649.67,620.4,645.58,0
STIR,05-Jun-2020,2365.2,2428.22,2363.47,2409.99,0
STIS,05-Jun-2020,882.68,883.64,877.94,882.53,0
STMP,05-Jun-2020,167.33,177.56,167.33,175.34,0
STNC,05-Jun-2020,643.16,647.46,640.34,646.21,20253900
STNU,05-Jun-2020,644.2,649.84,643.87,649.84,20799400
STRA,05-Jun-2020,156.56,160.39,156.56,159.63,0
STRB,05-Jun-2020,129.05,130.68,129.05,130.48,0
STRC,05-Jun-2020,141.67,144.32,141.67,143.86,0
STRD,05-Jun-2020,126.77,128.01,126.77,127.88,0
STRL,05-Jun-2020,4344.31,4589.71,4343.57,4510.09,0
STRN,05-Jun-2020,5720.31,5806.53,5720.31,5774.7,0
STRS,05-Jun-2020,132.88,132.88,128.65,129.4,0
STRT,05-Jun-2020,434.04,437.84,430.29,434.67,0
STRU,05-Jun-2020,1312.97,1334.95,1307.98,1330.44,0
STSI,05-Jun-2020,839.55,847.63,789.28,791.53,0
STSU,05-Jun-2020,1304.91,1304.91,1292.59,1303.28,0
STSY,05-Jun-2020,1196.23,1200.15,1188.12,1200.15,0
STTR,05-Jun-2020,2135.81,2182.02,2134.3,2179.18,0
SUCD,05-Jun-2020,423.38,436.44,423.38,434.07,0
SUCS,05-Jun-2020,436.52,444.82,436.52,442.86,0
SUEP,05-Jun-2020,237.56,257.98,237.56,255.78,0
SUFD,05-Jun-2020,67.85,96.42,64.28,82.14,0
SUFI,05-Jun-2020,96.42,96.42,96.42,96.42,0
SUFP,05-Jun-2020,184.25,195.43,184.25,191.38,0
SUHC,05-Jun-2020,472.05,483.26,472.05,479.87,0
SUIP,05-Jun-2020,375.74,396.78,375.74,389.71,0
SUJP,05-Jun-2020,126.48,127.76,125.79,127.72,0
SUKP,05-Jun-2020,1270.66,1298.51,1270.66,1297.51,0
SUKS,05-Jun-2020,976.81,1005.45,976.81,1003.38,0
SUMI,05-Jun-2020,335.94,340.66,335.94,338.18,0
SUNI,05-Jun-2020,167.47,173.58,167.37,171.73,0
SUOF,05-Jun-2020,39.28,57.14,39.28,42.85,0
SUOH,05-Jun-2020,32.14,42.85,28.57,32.14,0
SUPI,05-Jun-2020,380.63,390.1,380.63,383.07,0
SURI,05-Jun-2020,287.38,304.92,287.38,299.63,0
SUTH,05-Jun-2020,21.42,35.71,21.42,21.42,0
SUTP,05-Jun-2020,250.26,255.66,249.88,255.09,0
SUTW,05-Jun-2020,100,100,100,100,0
SVFD,05-Jun-2020,63.93,78.68,59.01,63.93,0
SVFI,05-Jun-2020,91.8,91.8,85.24,86.88,0
SVOF,05-Jun-2020,88.52,95.08,88.52,91.8,0
SVOH,05-Jun-2020,81.96,90.16,81.96,86.88,0
SVTH,05-Jun-2020,80.32,85.24,80.32,83.6,0
SVTR,05-Jun-2020,149.58,150.18,148.59,149.65,0
SVTW,05-Jun-2020,75.4,81.96,73.77,75.4,0
SW0B,05-Jun-2020,39.04,41.16,38.99,41.14,0
SW0C,05-Jun-2020,73.81,74.73,73.74,74.73,0
SW0D,05-Jun-2020,104,105.9,103.81,105.81,0
SW0E,05-Jun-2020,112.41,114.86,112.15,114.78,0
SW0F,05-Jun-2020,144.25,144.44,143.58,144.27,0
SW0G,05-Jun-2020,189.91,190.23,188.8,189.61,0
SW0H,05-Jun-2020,52.27,54.17,52.25,54.04,0
SW0I,05-Jun-2020,172.7,174.93,172.14,174.7,0
SW1A,05-Jun-2020,57.25,57.8,57.07,57.41,0
SW1B,05-Jun-2020,404.62,409.75,403.86,409.54,0
SW1C,05-Jun-2020,236.89,240.86,236.7,240.18,0
SW1J,05-Jun-2020,74.73,75.3,74.46,75.27,0
SWFI,05-Jun-2020,998.99,1064.63,998.99,1039.98,0
SWIB,05-Jun-2020,2794.42,2839.09,2794.42,2837.35,0
SWIT,05-Jun-2020,2910.98,2996.6,2910.98,2995.33,0
SWML,05-Jun-2020,234.66,246.18,234.66,243.53,0
SWSP,05-Jun-2020,174.79,182.34,174.78,182.07,0
SWUB,05-Jun-2020,2685.55,2804.12,2685.55,2783.54,0
SWUL,05-Jun-2020,645.77,657.35,640.43,640.64,0
SWUT,05-Jun-2020,2439.68,2571.01,2439.68,2528.86,0
SXTR,05-Jun-2020,852.91,872.5,852.71,857.01,0
SYFD,05-Jun-2020,88.88,93.65,87.3,93.65,0
SYFI,05-Jun-2020,98.41,98.41,98.41,98.41,0
SYOF,05-Jun-2020,87.3,88.88,84.12,85.71,0
SYOH,05-Jun-2020,57.14,63.49,53.96,58.73,0
SYTH,05-Jun-2020,50.79,52.38,47.61,49.2,0
SYTR,05-Jun-2020,1117.94,1126.01,1099.08,1103.58,0
SYTW,05-Jun-2020,96.82,98.41,96.82,98.41,0
SZTR,05-Jun-2020,3682.83,3734.53,3679.38,3724.55,0
TACK,05-Jun-2020,9995,10619,9572,10008,0
TACX,05-Jun-2020,-5,619,-428,8,0
TICK,05-Jun-2020,10004,10841,9142,10312,0
TICX,05-Jun-2020,4,841,-858,312,0
TNX,05-Jun-2020,0.86,0.95,0.86,0.9,0
TOOC,05-Jun-2020,18297.09,18401.66,18275.33,18368.11,378218100
TQCK,05-Jun-2020,10043,10680,9234,10268,0
TQCX,05-Jun-2020,43,680,-766,268,0
TRIA,05-Jun-2020,3.05,3.05,1.8,1.86,0
TRIN,05-Jun-2020,0.92,1.12,0.64,0.75,0
TRIQ,05-Jun-2020,0.04,1.19,0.04,1.02,0
TTCD,05-Jun-2020,189.05,190.85,188.19,189.14,10009500
TTCS,05-Jun-2020,618.76,619.42,610.5,614.51,4320000
TTEN,05-Jun-2020,90.53,92.58,90.34,92.33,108182400
TTFS,05-Jun-2020,275.37,278.45,273.06,274.83,45198900
TTGD,05-Jun-2020,296.45,303.96,290.71,303.5,106386800
TTHC,05-Jun-2020,57.25,57.28,56.02,56.23,20267600
TTIN,05-Jun-2020,278.16,281.47,277.23,279.53,52838900
TTMT,05-Jun-2020,276.09,282.38,273.29,282.23,69809100
TTRE,05-Jun-2020,281,286.46,279.96,283.45,21848500
TTTK,05-Jun-2020,152.89,152.98,150.56,151.8,6640100
TTTS,05-Jun-2020,168.21,169.41,167.88,168.29,9500500
TTUT,05-Jun-2020,287.26,290.45,286.13,287.83,12943400
TXBE,05-Jun-2020,134.67,136.72,134.4,134.54,77435700
TXBM,05-Jun-2020,92.14,93.81,91.89,92.01,77044100
TXCT,05-Jun-2020,168.25,169.16,166.49,166.66,8209800
TXCX,05-Jun-2020,15792.77,15883.03,15773.99,15854.07,378218100
TXDC,05-Jun-2020,122.86,123.51,122.74,123.29,240235600
TXDE,05-Jun-2020,291.34,294.63,287.47,289.75,18279100
TXDV,05-Jun-2020,235.25,236.67,234.19,234.92,98769700
TXEI,05-Jun-2020,94.9,95.88,94.68,95.31,109918500
TXEW,05-Jun-2020,146.85,148.39,146.56,147.87,167306200
TXFO,05-Jun-2020,918.87,925.45,915.65,922.95,210911900
TXGM,05-Jun-2020,84.35,85.37,83.64,85.13,212679300
TXOE,05-Jun-2020,144.98,148.76,144.87,148.31,49823300
TXPR,05-Jun-2020,524.76,533.62,524.5,533.6,3037000
TXSC,05-Jun-2020,99.08,100.73,98.75,100.68,0
TXSI,05-Jun-2020,155.88,157.47,154.4,157.47,41075400
TXSX,05-Jun-2020,953.24,958.52,951.89,956.81,167306200
TXTW,05-Jun-2020,497.21,503.36,495.71,503.01,168348600
TYX,05-Jun-2020,1.68,1.76,1.67,1.67,0
UNCA,05-Jun-2020,4,9,2,6,868600
UNCC,05-Jun-2020,65,198,65,198,16770900
UNCE,05-Jun-2020,13,19,6,13,5983900
UNCN,05-Jun-2020,11,18,3,18,61793400
UNCQ,05-Jun-2020,43,50,25,50,49401700
UNCS,05-Jun-2020,95,149,95,149,19898600
UNCT,05-Jun-2020,58,75,38,74,112063700
UNCU,05-Jun-2020,245,739,245,739,2786929000
UNCV,05-Jun-2020,161,332,161,332,47486200
UNCX,05-Jun-2020,321,679,321,679,84155700
UTY,05-Jun-2020,780.53,798.35,780.51,784.04,0
UVCA,05-Jun-2020,0.08,15.45,0.01,0.86,0
UVCC,05-Jun-2020,3.98,18.56,3.98,16.77,0
UVCE,05-Jun-2020,0.49,11.67,0.05,5.98,0
UVCN,05-Jun-2020,0.21,61.79,0.18,61.79,0
UVCQ,05-Jun-2020,0.85,49.4,0.82,49.4,0
UVCS,05-Jun-2020,2.1,28.91,2.1,19.89,0
UVCT,05-Jun-2020,1.15,112.06,1.15,112.06,0
UVCU,05-Jun-2020,93.58,2833.18,93.58,2786.92,0
UVCV,05-Jun-2020,6.49,47.48,6.49,47.48,0
UVCX,05-Jun-2020,12.58,85.98,12.58,84.15,0
VFWA,05-Jun-2020,33.06,34.73,32.36,32.53,0
VFWB,05-Jun-2020,28.54,28.59,27.78,28.37,0
VIX,05-Jun-2020,24.79,25.09,23.54,24.52,0
VWA,05-Jun-2020,25.16,25.57,23.9,24.88,0
VWB,05-Jun-2020,24.43,24.72,23.36,24.13,0
VXB,05-Jun-2020,24.8,25.07,23.64,24.51,0
VXD,05-Jun-2020,26.7,28.31,24.38,26.55,0
VXDE,05-Jun-2020,27.76,27.8,27.13,27.72,0
VXJU,05-Jun-2020,27.91,28.58,27.43,28.12,0
VXMA,05-Jun-2020,30.32,30.34,29.73,30.06,0
VXN,05-Jun-2020,27.43,27.43,25.26,25.53,0
VXO,05-Jun-2020,23.93,26.31,23.42,23.76,0
VXSE,05-Jun-2020,22.31,23.44,21.9,23.1,0
VXV,05-Jun-2020,27.41,27.5,26.88,27.42,0
XAU,05-Jun-2020,112.78,114.89,110.96,114.87,0
XAX,05-Jun-2020,2090.53,2108.75,2080.33,2095.69,0
XDS,05-Jun-2020,104.36,104.42,103.62,103.94,0
XEO,05-Jun-2020,1431.39,1453.48,1431.39,1448.33,0
XOI,05-Jun-2020,903.71,924.73,903.18,918.17,0
XSP,05-Jun-2020,316.38,321.17,316.38,319.39,0
Y0FD,05-Jun-2020,43.9,43.9,37.3,43.9,0
Y0FI,05-Jun-2020,79.69,79.69,77.15,79.18,0
Y0OF,05-Jun-2020,65.48,67,65.22,67,0
Y0OH,05-Jun-2020,62.69,62.69,59.39,60.65,0
Y0TH,05-Jun-2020,63.45,63.45,60.91,62.69,0
Y0TW,05-Jun-2020,61.92,64.21,59.89,64.21,0
Y1FD,05-Jun-2020,96.15,96.15,84.61,84.61,0
Y1FI,05-Jun-2020,92.3,100,92.3,96.15,0
Y1OF,05-Jun-2020,34.61,42.3,30.76,38.46,0
Y1OH,05-Jun-2020,23.07,30.76,23.07,23.07,0
Y1TH,05-Jun-2020,15.38,26.92,15.38,23.07,0
Y1TW,05-Jun-2020,96.15,96.15,92.3,96.15,0
Y2FD,05-Jun-2020,100,100,89.47,89.47,0
Y2FI,05-Jun-2020,89.47,100,89.47,94.73,0
Y2OF,05-Jun-2020,31.57,36.84,26.31,36.84,0
Y2OH,05-Jun-2020,21.05,26.31,21.05,21.05,0
Y2TH,05-Jun-2020,10.52,21.05,10.52,21.05,0
Y2TW,05-Jun-2020,100,100,100,100,0
Y3FD,05-Jun-2020,92.85,96.78,92.85,94.28,0
Y3FI,05-Jun-2020,93.57,99.28,93.57,99.28,0
Y3OF,05-Jun-2020,45.71,61.07,45.71,60.71,0
Y3OH,05-Jun-2020,27.85,34.28,27.5,32.14,0
Y3TH,05-Jun-2020,23.92,26.42,23.92,26.42,0
Y3TW,05-Jun-2020,87.14,97.85,87.14,97.5,0
Y5FD,05-Jun-2020,78.16,79.91,75.1,77.29,0
Y5FI,05-Jun-2020,88.2,90.39,88.2,89.51,0
Y5OF,05-Jun-2020,59.82,62.88,58.51,59.82,0
Y5OH,05-Jun-2020,42.35,43.66,38.42,38.42,0
Y5TH,05-Jun-2020,35.8,38.86,35.8,36.68,0
Y5TW,05-Jun-2020,80.78,81.22,79.47,80.78,0
Y6FD,05-Jun-2020,86.66,93.33,86.66,86.66,0
Y6FI,05-Jun-2020,100,100,100,100,0
Y6OF,05-Jun-2020,80,86.66,73.33,73.33,0
Y6OH,05-Jun-2020,60,66.66,46.66,46.66,0
Y6TH,05-Jun-2020,33.33,46.66,33.33,33.33,0
Y6TW,05-Jun-2020,93.33,93.33,93.33,93.33,0
Y7FD,05-Jun-2020,45.45,81.81,45.45,54.54,0
Y7FI,05-Jun-2020,45.45,54.54,45.45,54.54,0
Y7OF,05-Jun-2020,45.45,63.63,45.45,54.54,0
Y7OH,05-Jun-2020,45.45,63.63,45.45,45.45,0
Y7TH,05-Jun-2020,27.27,36.36,27.27,27.27,0
Y7TW,05-Jun-2020,36.36,45.45,36.36,36.36,0
Y8FD,05-Jun-2020,100,100,95.45,95.45,0
Y8FI,05-Jun-2020,100,100,100,100,0
Y8OF,05-Jun-2020,40.9,45.45,40.9,45.45,0
Y8OH,05-Jun-2020,4.54,4.54,4.54,4.54,0
Y8TH,05-Jun-2020,4.54,4.54,4.54,4.54,0
Y8TW,05-Jun-2020,100,100,95.45,95.45,0
Y9FD,05-Jun-2020,100,100,96.15,96.15,0
Y9FI,05-Jun-2020,100,100,100,100,0
Y9OF,05-Jun-2020,53.84,53.84,38.46,42.3,0
Y9OH,05-Jun-2020,23.07,23.07,15.38,15.38,0
Y9TH,05-Jun-2020,19.23,19.23,15.38,19.23,0
Y9TW,05-Jun-2020,96.15,96.15,96.15,96.15,0
YAFD,05-Jun-2020,5.4,13.51,2.7,13.51,0
YAFI,05-Jun-2020,45.94,62.16,45.94,62.16,0
YAOF,05-Jun-2020,78.37,89.18,72.97,89.18,0
YAOH,05-Jun-2020,70.27,81.08,70.27,81.08,0
YATH,05-Jun-2020,72.97,78.37,72.97,78.37,0
YATW,05-Jun-2020,13.51,18.91,10.81,18.91,0
YBFD,05-Jun-2020,70,70,40,60,0
YBFI,05-Jun-2020,90,90,70,70,0
YBOF,05-Jun-2020,30,30,30,30,0
YBOH,05-Jun-2020,30,30,10,10,0
YBTH,05-Jun-2020,0.01,0.01,0.01,0.01,0
YBTW,05-Jun-2020,80,80,80,80,0
YCFD,05-Jun-2020,87.09,93.54,87.09,93.54,0
YCFI,05-Jun-2020,96.77,96.77,93.54,96.77,0
YCOF,05-Jun-2020,67.74,70.96,64.51,67.74,0
YCOH,05-Jun-2020,45.16,51.61,38.7,38.7,0
YCTH,05-Jun-2020,48.38,51.61,45.16,45.16,0
YCTW,05-Jun-2020,90.32,96.77,87.09,93.54,0
YDFD,05-Jun-2020,38.29,42.55,36.17,42.55,0
YDFI,05-Jun-2020,63.82,72.34,63.82,72.34,0
YDOF,05-Jun-2020,80.85,87.23,78.72,87.23,0
YDOH,05-Jun-2020,65.95,70.21,59.57,68.08,0
YDTH,05-Jun-2020,59.57,63.82,57.44,63.82,0
YDTW,05-Jun-2020,42.55,44.68,40.42,44.68,0
YEFD,05-Jun-2020,100,100,88,92,0
YEFI,05-Jun-2020,92,100,92,96,0
YEOF,05-Jun-2020,32,44,32,40,0
YEOH,05-Jun-2020,28,32,28,28,0
YETH,05-Jun-2020,20,28,20,28,0
YETW,05-Jun-2020,100,100,100,100,0
YFFD,05-Jun-2020,50,56.25,43.75,56.25,0
YFFI,05-Jun-2020,100,100,100,100,0
YFOF,05-Jun-2020,93.75,93.75,93.75,93.75,0
YFOH,05-Jun-2020,81.25,81.25,81.25,81.25,0
YFTH,05-Jun-2020,81.25,81.25,81.25,81.25,0
YFTW,05-Jun-2020,87.5,87.5,75,75,0
YGFD,05-Jun-2020,87.5,87.5,75,87.5,0
YGFI,05-Jun-2020,100,100,100,100,0
YGOF,05-Jun-2020,62.5,62.5,50,50,0
YGOH,05-Jun-2020,12.5,25,12.5,12.5,0
YGTH,05-Jun-2020,12.5,12.5,12.5,12.5,0
YGTW,05-Jun-2020,100,100,87.5,100,0
YHFD,05-Jun-2020,100,100,81.25,87.5,0
YHFI,05-Jun-2020,100,100,93.75,93.75,0
YHOF,05-Jun-2020,56.25,68.75,43.75,43.75,0
YHOH,05-Jun-2020,56.25,62.5,43.75,50,0
YHTH,05-Jun-2020,56.25,62.5,50,50,0
YHTW,05-Jun-2020,93.75,93.75,93.75,93.75,0
YIFD,05-Jun-2020,84,86,82,84,0
YIFI,05-Jun-2020,92,96,90,92,0
YIOF,05-Jun-2020,62,64,60,62,0
YIOH,05-Jun-2020,36,36,30,30,0
YITH,05-Jun-2020,24,28,24,24,0
YITW,05-Jun-2020,86,86,84,86,0
YJFD,05-Jun-2020,100,100,91.3,91.3,0
YJFI,05-Jun-2020,100,100,95.65,100,0
YJOF,05-Jun-2020,86.95,86.95,86.95,86.95,0
YJOH,05-Jun-2020,56.52,60.86,56.52,60.86,0
YJTH,05-Jun-2020,56.52,60.86,56.52,56.52,0
YJTW,05-Jun-2020,100,100,95.65,95.65,0
YKFD,05-Jun-2020,100,100,91.3,91.3,0
YKFI,05-Jun-2020,100,100,95.65,100,0
YKOF,05-Jun-2020,86.95,86.95,86.95,86.95,0
YKOH,05-Jun-2020,56.52,60.86,56.52,60.86,0
YKTH,05-Jun-2020,56.52,60.86,56.52,56.52,0
YKTW,05-Jun-2020,100,100,95.65,95.65,0
YLFD,05-Jun-2020,78.16,79.91,75.1,77.29,0
YLFI,05-Jun-2020,88.2,90.39,88.2,89.51,0
YLOF,05-Jun-2020,59.82,62.88,58.51,59.82,0
YLOH,05-Jun-2020,42.35,43.66,38.42,38.42,0
YLTH,05-Jun-2020,35.8,38.86,35.8,36.68,0
YLTW,05-Jun-2020,80.78,81.22,79.47,80.78,0
YMFD,05-Jun-2020,94.44,94.44,72.22,77.77,0
YMFI,05-Jun-2020,94.44,94.44,88.88,94.44,0
YMOF,05-Jun-2020,72.22,83.33,55.55,61.11,0
YMOH,05-Jun-2020,61.11,66.66,61.11,61.11,0
YMTH,05-Jun-2020,66.66,66.66,55.55,61.11,0
YMTW,05-Jun-2020,83.33,88.88,77.77,83.33,0
YNFD,05-Jun-2020,78.16,79.91,75.1,77.29,0
YNFI,05-Jun-2020,88.2,90.39,88.2,89.51,0
YNOF,05-Jun-2020,59.82,62.88,58.51,59.82,0
YNOH,05-Jun-2020,42.35,43.66,38.42,38.42,0
YNTH,05-Jun-2020,35.8,38.86,35.8,36.68,0
YNTW,05-Jun-2020,80.78,81.22,79.47,80.78,0
YOFD,05-Jun-2020,85.62,86.82,81.43,82.63,0
YOFI,05-Jun-2020,88.62,90.41,88.02,89.82,0
YOOF,05-Jun-2020,58.08,62.27,55.08,56.88,0
YOOH,05-Jun-2020,39.52,41.31,35.32,35.32,0
YOTH,05-Jun-2020,32.33,36.52,31.73,32.93,0
YOTW,05-Jun-2020,86.22,86.82,84.43,86.22,0
YPFD,05-Jun-2020,100,100,100,100,0
YPFI,05-Jun-2020,100,100,100,100,0
YPOF,05-Jun-2020,71.42,71.42,57.14,57.14,0
YPOH,05-Jun-2020,42.85,42.85,14.28,14.28,0
YPTH,05-Jun-2020,14.28,14.28,14.28,14.28,0
YPTW,05-Jun-2020,100,100,100,100,0
YQFD,05-Jun-2020,84.14,89.02,81.7,84.14,0
YQFI,05-Jun-2020,87.8,89.02,86.58,86.58,0
YQOF,05-Jun-2020,56.09,58.53,48.78,51.21,0
YQOH,05-Jun-2020,40.24,42.68,31.7,31.7,0
YQTH,05-Jun-2020,29.26,31.7,26.82,28.04,0
YQTW,05-Jun-2020,90.24,90.24,86.58,89.02,0
YRFD,05-Jun-2020,100,100,93.93,93.93,0
YRFI,05-Jun-2020,98.48,98.48,96.96,96.96,0
YROF,05-Jun-2020,40.9,45.45,34.84,37.87,0
YROH,05-Jun-2020,24.24,27.27,21.21,22.72,0
YRTH,05-Jun-2020,19.69,22.72,18.18,21.21,0
YRTW,05-Jun-2020,98.48,98.48,98.48,98.48,0
YSFD,05-Jun-2020,76.66,83.33,73.33,78.33,0
YSFI,05-Jun-2020,81.66,81.66,80,80,0
YSOF,05-Jun-2020,60,65,56.66,58.33,0
YSOH,05-Jun-2020,38.33,41.66,33.33,33.33,0
YSTH,05-Jun-2020,31.66,36.66,30,31.66,0
YSTW,05-Jun-2020,76.66,78.33,75,76.66,0
YTFD,05-Jun-2020,78.69,78.69,74.55,76.92,0
YTFI,05-Jun-2020,90.53,93.49,90.53,92.89,0
YTOF,05-Jun-2020,59.76,62.13,58.57,60.35,0
YTOH,05-Jun-2020,43.78,45.56,40.23,40.23,0
YTTH,05-Jun-2020,37.27,39.64,36.68,38.46,0
YTTW,05-Jun-2020,82.24,82.84,80.47,82.24,0
YUFD,05-Jun-2020,6.25,12.5,3.12,12.5,0
YUFI,05-Jun-2020,40.62,59.37,40.62,59.37,0
YUOF,05-Jun-2020,78.12,87.5,71.87,87.5,0
YUOH,05-Jun-2020,68.75,81.25,68.75,81.25,0
YUTH,05-Jun-2020,71.87,78.12,71.87,78.12,0
YUTW,05-Jun-2020,9.37,15.62,6.25,15.62,0
YVFD,05-Jun-2020,41.89,43.24,39.18,43.24,0
YVFI,05-Jun-2020,71.62,79.72,70.27,79.72,0
YVOF,05-Jun-2020,81.08,86.48,78.37,86.48,0
YVOH,05-Jun-2020,66.21,72.97,64.86,72.97,0
YVTH,05-Jun-2020,67.56,71.62,66.21,70.27,0
YVTW,05-Jun-2020,50,52.7,44.59,52.7,0
YWFD,05-Jun-2020,98,98,96,98,0
YWFI,05-Jun-2020,100,100,98,100,0
YWOF,05-Jun-2020,46,48,46,48,0
YWOH,05-Jun-2020,16,16,14,14,0
YWTH,05-Jun-2020,16,18,14,16,0
YWTW,05-Jun-2020,100,100,100,100,0
YXFD,05-Jun-2020,100,100,94.44,94.44,0
YXFI,05-Jun-2020,100,100,94.44,100,0
YXOF,05-Jun-2020,33.33,38.88,33.33,33.33,0
YXOH,05-Jun-2020,11.11,11.11,5.55,5.55,0
YXTH,05-Jun-2020,5.55,11.11,5.55,5.55,0
YXTW,05-Jun-2020,100,100,94.44,94.44,0
YYFD,05-Jun-2020,86.66,93.33,86.66,93.33,0
YYFI,05-Jun-2020,96.66,96.66,93.33,96.66,0
YYOF,05-Jun-2020,66.66,70,63.33,66.66,0
YYOH,05-Jun-2020,46.66,53.33,40,40,0
YYTH,05-Jun-2020,50,53.33,46.66,46.66,0
YYTW,05-Jun-2020,90,96.66,86.66,93.33,0
YZFD,05-Jun-2020,74,80,66,78,0
YZFI,05-Jun-2020,86,86,82,82,0
YZOF,05-Jun-2020,66,74,62,64,0
YZOH,05-Jun-2020,58,62,50,50,0
YZTH,05-Jun-2020,50,56,46,48,0
YZTW,05-Jun-2020,78,80,72,76,0
Z0FD,05-Jun-2020,100,100,100,100,0
Z0FI,05-Jun-2020,100,100,87.5,100,0
Z0OF,05-Jun-2020,37.5,37.5,37.5,37.5,0
Z0OH,05-Jun-2020,0.01,0.01,0.01,0.01,0
Z0TH,05-Jun-2020,0.01,0.01,0.01,0.01,0
Z0TW,05-Jun-2020,100,100,100,100,0
Z1FD,05-Jun-2020,94.44,99.57,94.44,98.71,0
Z1FI,05-Jun-2020,92.3,99.14,92.3,99.14,0
Z1OF,05-Jun-2020,37.6,54.7,37.6,54.7,0
Z1OH,05-Jun-2020,19.65,27.35,19.65,25.21,0
Z1TH,05-Jun-2020,17.52,20.51,17.52,20.08,0
Z1TW,05-Jun-2020,85.04,97.43,85.04,97.43,0
Z2FD,05-Jun-2020,76.66,83.33,73.33,78.33,0
Z2FI,05-Jun-2020,81.66,81.66,80,80,0
Z2OF,05-Jun-2020,60,65,56.66,58.33,0
Z2OH,05-Jun-2020,38.33,41.66,33.33,33.33,0
Z2TH,05-Jun-2020,31.66,36.66,30,31.66,0
Z2TW,05-Jun-2020,76.66,78.33,75,76.66,0
Z3FD,05-Jun-2020,76.66,83.33,73.33,78.33,0
Z3FI,05-Jun-2020,81.66,81.66,80,80,0
Z3OF,05-Jun-2020,60,65,56.66,58.33,0
Z3OH,05-Jun-2020,38.33,41.66,33.33,33.33,0
Z3TH,05-Jun-2020,31.66,36.66,30,31.66,0
Z3TW,05-Jun-2020,76.66,78.33,75,76.66,0
Z4FD,05-Jun-2020,82,84,78,80,0
Z4FI,05-Jun-2020,82,88,82,88,0
Z4OF,05-Jun-2020,64,64,54,56,0
Z4OH,05-Jun-2020,40,42,38,38,0
Z4TH,05-Jun-2020,34,36,30,30,0
Z4TW,05-Jun-2020,84,84,82,84,0
Z5FD,05-Jun-2020,73.36,74.37,71.85,72.36,0
Z5FI,05-Jun-2020,89.44,90.95,88.44,90.45,0
Z5OF,05-Jun-2020,51.75,56.78,51.75,54.27,0
Z5OH,05-Jun-2020,39.69,39.69,35.67,35.67,0
Z5TH,05-Jun-2020,33.16,34.17,32.16,32.66,0
Z5TW,05-Jun-2020,77.88,79.89,75.37,77.88,0
Z6FD,05-Jun-2020,82,84,80,82,0
Z6FI,05-Jun-2020,95,97,95,95,0
Z6OF,05-Jun-2020,47,51,46,48,0
Z6OH,05-Jun-2020,33,33,28,28,0
Z6TH,05-Jun-2020,27,28,26,26,0
Z6TW,05-Jun-2020,86,88,86,87,0
Z7FD,05-Jun-2020,47.61,52.38,38.09,42.85,0
Z7FI,05-Jun-2020,100,100,95.23,95.23,0
Z7OF,05-Jun-2020,52.38,52.38,52.38,52.38,0
Z7OH,05-Jun-2020,47.61,47.61,42.85,42.85,0
Z7TH,05-Jun-2020,28.57,28.57,23.8,28.57,0
Z7TW,05-Jun-2020,85.71,90.47,80.95,80.95,0
Z8FD,05-Jun-2020,53.33,60,46.66,53.33,0
Z8FI,05-Jun-2020,100,100,93.33,93.33,0
Z8OF,05-Jun-2020,33.33,33.33,33.33,33.33,0
Z8OH,05-Jun-2020,26.66,26.66,20,20,0
Z8TH,05-Jun-2020,13.33,13.33,6.66,13.33,0
Z8TW,05-Jun-2020,80,86.66,73.33,73.33,0
